Site,715,N_scars,Length,Proximal_width,Medial_width,Distal_width,Thickness_at_medial,Platform_width,Platform_thickness,raw_material,raw_mat_simplified,Chert,Igneous,Other,Quartzite,N,E,Min,Mid,Max,Type,Prop_RT_Core,Count_RT_Core,Elongation,Convergence,PlatformArea,DorsalSA_TwoTrapezoids,Dorsal scar pattern,Region
1017,18,7,39.07,16.64,18.31,11.88,3.48,14.22,4.9,chert,Chert,1,0,0,0,21.4736,31.04935,65,68,70,0,0.51627907,215,2.133806663,1.54,69.678,636.25495,Bidirectional,Africa
A5,878,4,25.02,13.32,18.77,23.75,5.95,10.4,5.63,basalt,Igneous,0,1,0,0,10.41667,40.51667,70,75,80,0,0.4,40,1.332978157,0.79,58.552,466.68555,Bidirectional,Africa
A5,3170,4,34.32,21.53,26.77,20.02,5.3,16.78,5.72,chert,Chert,1,0,0,0,10.41667,40.51667,70,75,80,0,0.4,40,1.282032126,1.34,95.9816,815.8722,Bidirectional,Africa
A5,4492,7,33.13,20.27,19.22,11.48,4.94,7.96,2.93,basalt,Igneous,0,1,0,0,10.41667,40.51667,70,75,80,0,0.4,40,1.723725286,1.67,23.3228,581.348675,Bidirectional,Africa
ALM-3,100,4,61.37,27.13,36.17,28.46,9.48,25.18,6.05,ferruginous quartzite,Quartzite,0,0,0,1,27.73277778,40.48472222,50,54,58,0,0,24,1.696709981,1.27,152.339,1962.766025,Bidirectional,Arabia
ALM-3,136,5,69.01,40.81,37.77,15.36,10.61,39.09,12.91,ferruginous quartzite,Quartzite,0,0,0,1,27.73277778,40.48472222,50,54,58,0,0,24,1.827111464,2.46,504.6519,2272.326775,Bidirectional,Arabia
ANW-3,2,6,32.49,25.67,26.97,17.34,4.97,21.84,4.75,chert,Chert,1,0,0,0,21.56213,31.05615,60,63,65,0,0.35915493,710,1.204671858,1.56,103.74,787.476375,Bidirectional,Africa
ANW-3,41,7,48.96,37.01,40.3,24.19,7.66,36.1,9.25,fine igneous,Igneous,0,1,0,0,21.56213,31.05615,60,63,65,0,0.35915493,710,1.214888337,1.67,333.925,1735.632,Bidirectional,Africa
ANW-3,41,5,29.69,22.9,25.33,20.25,3.83,20.39,6.62,chert,Chert,1,0,0,0,21.56213,31.05615,60,63,65,0,0.35915493,710,1.172127912,1.25,134.9818,696.304725,Bidirectional,Africa
BNS,11,13,36.11,18.31,28.44,14.97,8.71,17.04,8.7,chert,Chert,1,0,0,0,4.8003,35.9666,104,105,106,0,0.204081633,49,1.269690577,1.9,148.248,813.9194,Bidirectional,Africa
BNS,166,3,24.08,14.77,23.35,14.07,5.36,17.46,5.96,fine igneous,Igneous,0,1,0,0,4.8003,35.9666,104,105,106,0,0.204081633,49,1.031263383,1.66,104.0616,454.7508,Bidirectional,Africa
BNS,454,6,30.53,22.22,30.04,17.91,9.34,20.96,9.87,chert,Chert,1,0,0,0,4.8003,35.9666,104,105,106,0,0.204081633,49,1.016311585,1.68,206.8752,764.852825,Bidirectional,Africa
BNS,1172,7,42.8,33.33,39.83,33.03,10.59,31.92,8.5,chert,Chert,1,0,0,0,4.8003,35.9666,104,105,106,0,0.204081633,49,1.074566909,1.21,271.32,1562.414,Bidirectional,Africa
JSM-1,79,5,32.52,15.05,18.61,15.35,4.41,10.98,1.78,argilaceous quartzite,Quartzite,0,0,0,1,27.97692724,40.92311408,66,75,84,0,0.109589041,73,1.747447609,1.21,19.5444,549.7506,Bidirectional,Arabia
JSM-1,773,6,41.08,17.53,25.4,19.26,8.25,14.62,2.54,argilaceous quartzite,Quartzite,0,0,0,1,27.97692724,40.92311408,66,75,84,0,0.109589041,73,1.617322835,1.32,37.1348,899.5493,Bidirectional,Arabia
JSM-1,988,4,25.6,20.07,20.36,17.48,5.95,18.78,3.22,argilaceous quartzite,Quartzite,0,0,0,1,27.97692724,40.92311408,66,75,84,0,0.109589041,73,1.257367387,1.16,60.4716,500.928,Bidirectional,Arabia
Kebara X,55,5,65.31,28.54,26.84,17.97,5.05,21.5,3.67,chert,Chert,1,0,0,0,34.93,32.56,60,63,65,1,0.269662921,534,2.433308495,1.49,78.905,1635.852225,Bidirectional,Levant
Kebara X,174,5,39.22,33.62,36.36,4.2,4.79,26.07,5.16,chert,Chert,1,0,0,0,34.93,32.56,60,63,65,1,0.269662921,534,1.078657866,8.66,134.5212,1083.8447,Bidirectional,Levant
Kebara X,277,6,60.72,30.1,27.29,1.9,8.37,20.9,7.21,chert,Chert,1,0,0,0,34.93,32.56,60,63,65,1,0.269662921,534,2.224990839,14.36,150.689,1314.2844,Bidirectional,Levant
Kebara X,287,3,37.38,17.74,18.75,6.71,2.62,17.08,4.48,chert,Chert,1,0,0,0,34.93,32.56,60,63,65,1,0.269662921,534,1.9936,2.79,76.5184,578.92275,Bidirectional,Levant
Kebara X,370,6,51.12,32.91,25.59,10.3,5.76,26.12,3.48,chert,Chert,1,0,0,0,34.93,32.56,60,63,65,1,0.269662921,534,1.997655334,2.48,90.8976,1206.3042,Bidirectional,Levant
Kebara X,452,5,39.91,27.8,30.89,4.1,6.71,24.78,3.69,chert,Chert,1,0,0,0,34.93,32.56,60,63,65,1,0.269662921,534,1.292003885,7.53,91.4382,934.6922,Bidirectional,Levant
Kebara X,463,8,85.75,44.1,33.2,2.1,6.04,31.15,5.03,chert,Chert,1,0,0,0,34.93,32.56,60,63,65,1,0.269662921,534,2.582831325,15.81,156.6845,2413.8625,Bidirectional,Levant
Kebara X,465,3,47.87,12.83,17.51,6.9,6.73,6.33,4.62,chert,Chert,1,0,0,0,34.93,32.56,60,63,65,1,0.269662921,534,2.733866362,2.54,29.2446,655.220625,Bidirectional,Levant
Kebara X,468,4,50.98,15.45,15.29,2.6,6.12,12.23,4.06,chert,Chert,1,0,0,0,34.93,32.56,60,63,65,1,0.269662921,534,3.334205363,5.88,49.6538,619.78935,Bidirectional,Levant
Kebara X,553,6,64.89,24.88,39.07,4.8,8.56,22.17,5.64,chert,Chert,1,0,0,0,34.93,32.56,60,63,65,1,0.269662921,534,1.660865114,8.14,125.0388,1749.10995,Bidirectional,Levant
Ksar Akil 28A,1849,5,62.49,28.73,34.31,26.23,5.13,27.19,6.31,chert,Chert,1,0,0,0,34.376,35.903,55,63,70,1,0.642276423,123,1.821334888,1.31,171.5689,1930.62855,Bidirectional,Levant
Ksar Akil 28A,1890,6,69.59,28.27,32.64,26.71,7.33,16.89,7.18,chert,Chert,1,0,0,0,34.376,35.903,55,63,70,1,0.642276423,123,2.132046569,1.22,121.2702,2092.22335,Bidirectional,Levant
Ksar Akil 28A,2265,7,80.44,28.61,37.33,10.19,8.45,12.49,5.37,chert,Chert,1,0,0,0,34.376,35.903,55,63,70,1,0.642276423,123,2.154835253,3.66,67.0713,2281.6806,Bidirectional,Levant
Ksar Akil 28A,2507,8,73.54,33.01,55.08,35.33,11.55,22.03,12.12,chert,Chert,1,0,0,0,34.376,35.903,55,63,70,1,0.642276423,123,1.335148874,1.56,267.0036,3281.7225,Bidirectional,Levant
MDF-61,1260,6,50.22,26.99,36.49,29.29,5.71,24.65,11.6,chert,Chert,1,0,0,0,18.55,45.3,80,85,90,0,0.377990431,209,1.376267471,1.25,285.94,1622.8593,Bidirectional,Arabia
MDF-61,1280,6,48.38,47.56,56.65,51.29,12.6,40.2,14.18,chert,Chert,1,0,0,0,18.55,45.3,80,85,90,0,0.377990431,209,0.854015887,1.1,570.036,2565.95425,Bidirectional,Arabia
MDF-61,1503,5,62.09,34.33,45.56,29.73,8.82,27.19,9.45,chert,Chert,1,0,0,0,18.55,45.3,80,85,90,0,0.377990431,209,1.362818262,1.53,256.9455,2408.78155,Bidirectional,Arabia
MDF-61,1554,6,32.49,31.61,41.89,42.43,5.14,27.99,6.5,chert,Chert,1,0,0,0,18.55,45.3,80,85,90,0,0.377990431,209,0.775602769,0.99,181.935,1281.89295,Bidirectional,Arabia
Qafzeh XIX,47,3,35.06,22.86,23.21,10.39,4.72,3.45,1.67,chert,Chert,1,0,0,0,32.69957266,35.28457137,90,95,100,1,0.651685393,89,1.510555795,2.23,5.7615,698.30755,Bidirectional,Levant
Qafzeh XIX,284,5,53.1,23.51,26.22,7.71,6.07,15.81,3.73,chert,Chert,1,0,0,0,32.69957266,35.28457137,90,95,100,1,0.651685393,89,2.025171625,3.4,58.9713,1110.5865,Bidirectional,Levant
Qafzeh XIX,731,4,53.42,20.53,24.48,6.34,5.35,6.74,4.15,chert,Chert,1,0,0,0,32.69957266,35.28457137,90,95,100,1,0.651685393,89,2.182189542,3.86,27.971,1012.70965,Bidirectional,Levant
Qafzeh XIX,747,3,31,17.18,23.97,16.33,3.78,13.49,3.89,chert,Chert,1,0,0,0,32.69957266,35.28457137,90,95,100,1,0.651685393,89,1.293283271,1.47,52.4761,631.2375,Bidirectional,Levant
Tor Faraj,2,3,51.7,6.72,11.82,2.72,4.93,8.88,2.11,chert,Chert,1,0,0,0,29.93739638,35.32052947,55,60,65,1,0.824175824,182,4.37394247,4.35,18.7368,427.559,Bidirectional,Levant
Tor Faraj,3,3,46.75,25.6,30.2,1.01,4.37,26.91,5.07,chert,Chert,1,0,0,0,29.93739638,35.32052947,55,60,65,1,0.824175824,182,1.548013245,29.9,136.4337,1016.929375,Bidirectional,Levant
Tor Faraj,5,3,55.07,28.66,24.57,2.32,5.41,29.53,6.67,chert,Chert,1,0,0,0,29.93739638,35.32052947,55,60,65,1,0.824175824,182,2.241351241,10.59,196.9651,1103.0521,Bidirectional,Levant
Tor Faraj,10,4,40.9,7.16,15.04,16.59,4.69,5.7,2.21,chert,Chert,1,0,0,0,29.93739638,35.32052947,55,60,65,1,0.824175824,182,2.719414894,0.91,12.597,550.41175,Bidirectional,Levant
Tor Faraj,212,4,32.3,15.11,10.96,0.61,3.11,16.21,3.68,chert,Chert,1,0,0,0,29.93739638,35.32052947,55,60,65,1,0.824175824,182,2.947080292,17.97,59.6528,303.943,Bidirectional,Levant
Tor Faraj,213,6,74.93,52.77,42.3,4.28,7.71,29.28,6.06,chert,Chert,1,0,0,0,29.93739638,35.32052947,55,60,65,1,0.824175824,182,1.771394799,9.88,177.4368,2653.458625,Bidirectional,Levant
Tor Faraj,216,3,48.5,26.05,33.04,11.7,5.49,26.86,4.94,chert,Chert,1,0,0,0,29.93739638,35.32052947,55,60,65,1,0.824175824,182,1.467917676,2.82,132.6884,1258.93875,Bidirectional,Levant
Tor Faraj,218,4,46.24,33.18,32.61,17.7,6.63,44.31,5.41,chert,Chert,1,0,0,0,29.93739638,35.32052947,55,60,65,1,0.824175824,182,1.417969948,1.84,239.7171,1342.116,Bidirectional,Levant
Tor Faraj,219,3,64.93,42.83,40.33,1.15,8.09,42.97,10.44,chert,Chert,1,0,0,0,29.93739638,35.32052947,55,60,65,1,0.824175824,182,1.609967766,35.07,448.6068,2023.2188,Bidirectional,Levant
1017,1,13,49.01,36.66,43.17,31.14,7.38,27.38,9.3,fine igneous,Igneous,0,1,0,0,21.4736,31.04935,65,68,70,0,0.51627907,215,1.135279129,1.39,254.634,1888.60035,Centripetal,Africa
1017,2,15,50.28,43.47,43.44,30,12.16,42.19,12.4,ferruginous quartzite,Quartzite,0,0,0,1,21.4736,31.04935,65,68,70,0,0.51627907,215,1.157458564,1.45,523.156,2015.5995,Centripetal,Africa
1017,3,14,52.44,44.02,43.32,15.65,13.56,43.89,13.97,ferruginous quartzite,Quartzite,0,0,0,1,21.4736,31.04935,65,68,70,0,0.51627907,215,1.210526316,2.77,613.1433,1918.1241,Centripetal,Africa
1017,4,9,80.55,43.73,47.08,18.42,9.94,41.72,12.59,ferruginous quartzite,Quartzite,0,0,0,1,21.4736,31.04935,65,68,70,0,0.51627907,215,1.710917587,2.56,525.2548,3147.692625,Centripetal,Africa
1017,5,9,51.32,43.88,45.86,26.2,11.82,44.01,14.25,ferruginous quartzite,Quartzite,0,0,0,1,21.4736,31.04935,65,68,70,0,0.51627907,215,1.119058003,1.75,627.1425,2075.894,Centripetal,Africa
1017,6,12,85.53,57.03,75.43,47.66,14.63,37.57,11.68,ferruginous quartzite,Quartzite,0,0,0,1,21.4736,31.04935,65,68,70,0,0.51627907,215,1.133898979,1.58,438.8176,5464.297875,Centripetal,Africa
1017,7,10,55.48,46.76,41.23,32.77,15.07,46.96,18.2,quartzite,Quartzite,0,0,0,1,21.4736,31.04935,65,68,70,0,0.51627907,215,1.34562212,1.26,854.672,2246.8013,Centripetal,Africa
1017,8,8,45.8,32.11,36.7,21.52,11.97,21.25,11.44,fine igneous,Igneous,0,1,0,0,21.4736,31.04935,65,68,70,0,0.51627907,215,1.247956403,1.71,243.1,1454.4935,Centripetal,Africa
1017,9,8,48.47,34.92,39.9,26.54,8.96,32.85,11.59,fine igneous,Igneous,0,1,0,0,21.4736,31.04935,65,68,70,0,0.51627907,215,1.214786967,1.5,380.7315,1711.71805,Centripetal,Africa
1017,10,8,50.09,48.17,61.52,48.02,10.17,40.54,11,red ccs,Other,0,0,1,0,21.4736,31.04935,65,68,70,0,0.51627907,215,0.814206762,1.28,445.94,2745.307675,Centripetal,Africa
1017,11,9,60.89,48.23,50.63,24.77,12.06,41.52,13.85,fine igneous,Igneous,0,1,0,0,21.4736,31.04935,65,68,70,0,0.51627907,215,1.202646652,2.04,575.052,2652.67285,Centripetal,Africa
1017,12,9,57.94,52.22,47.03,15.88,11.81,50.3,13.21,fine igneous,Igneous,0,1,0,0,21.4736,31.04935,65,68,70,0,0.51627907,215,1.231979587,2.96,664.463,2348.8876,Centripetal,Africa
1017,13,7,36.14,25.09,31.22,20.76,6.93,24.59,8.96,fine igneous,Igneous,0,1,0,0,21.4736,31.04935,65,68,70,0,0.51627907,215,1.157591288,1.5,220.3264,978.40015,Centripetal,Africa
1017,14,7,61.77,41.34,51.29,32.36,9.3,35.02,14.59,fine igneous,Igneous,0,1,0,0,21.4736,31.04935,65,68,70,0,0.51627907,215,1.204328329,1.58,510.9418,2722.2039,Centripetal,Africa
1017,16,16,55.49,51.28,59.21,29.83,10.78,43.3,12.12,fine igneous,Igneous,0,1,0,0,21.4736,31.04935,65,68,70,0,0.51627907,215,0.937172775,1.98,524.796,2767.979925,Centripetal,Africa
1017,17,6,67.39,16.03,36.66,17.87,5.63,16.04,5.07,fine igneous,Igneous,0,1,0,0,21.4736,31.04935,65,68,70,0,0.51627907,215,1.838243317,2.05,81.3228,1806.38895,Centripetal,Africa
1017,19,8,44.99,31.37,35.65,18.74,5.43,31.81,6.78,fine igneous,Igneous,0,1,0,0,21.4736,31.04935,65,68,70,0,0.51627907,215,1.261991585,1.9,215.6718,1365.558975,Centripetal,Africa
1017,20,15,78.15,59.01,62.97,31.32,14.15,59.38,12.71,quartzite,Quartzite,0,0,0,1,21.4736,31.04935,65,68,70,0,0.51627907,215,1.241067175,2.01,754.7198,4225.375125,Centripetal,Africa
1017,21,5,56.16,22.72,37.79,7.96,5.23,22.17,8.45,ferruginous quartzite,Quartzite,0,0,0,1,21.4736,31.04935,65,68,70,0,0.51627907,215,1.486107436,4.75,187.3365,1491.8904,Centripetal,Africa
1017,22,4,42.65,26.18,40.47,19.29,6.07,22.46,7.65,ferruginous quartzite,Quartzite,0,0,0,1,21.4736,31.04935,65,68,70,0,0.51627907,215,1.053867062,2.1,171.819,1347.846625,Centripetal,Africa
1017,23,6,45.55,25.96,36.4,20.68,9.79,24.44,10.72,ferruginous quartzite,Quartzite,0,0,0,1,21.4736,31.04935,65,68,70,0,0.51627907,215,1.251373626,1.76,261.9968,1360.123,Centripetal,Africa
1017,24,15,43.86,30.49,36.46,20.35,6.25,29.19,8.65,fine igneous,Igneous,0,1,0,0,21.4736,31.04935,65,68,70,0,0.51627907,215,1.20296215,1.79,252.4935,1357.0284,Centripetal,Africa
1017,25,5,38.63,38.93,33.64,28.76,8.61,36.04,12.25,ferruginous quartzite,Quartzite,0,0,0,1,21.4736,31.04935,65,68,70,0,0.51627907,215,1.148335315,1.17,441.49,1303.472775,Centripetal,Africa
1017,26,5,37.64,29.8,36.23,22.74,10.96,24.27,10.29,ferruginous quartzite,Quartzite,0,0,0,1,21.4736,31.04935,65,68,70,0,0.51627907,215,1.038918024,1.59,249.7383,1176.25,Centripetal,Africa
1017,27,7,33.16,28.74,36.86,31.87,6.16,27.05,7.38,fine igneous,Igneous,0,1,0,0,21.4736,31.04935,65,68,70,0,0.51627907,215,0.899620184,1.16,199.629,1113.5957,Centripetal,Africa
1017,28,9,35.5,20.43,19.11,17.58,3.35,19.8,4.97,fine igneous,Igneous,0,1,0,0,21.4736,31.04935,65,68,70,0,0.51627907,215,1.857666143,1.09,98.406,676.54125,Centripetal,Africa
1017,29,8,41.66,40.91,52.61,34.2,14.06,44.79,15.7,fine igneous,Igneous,0,1,0,0,21.4736,31.04935,65,68,70,0,0.51627907,215,0.791864665,1.54,703.203,1878.13695,Centripetal,Africa
1017,30,7,36.29,25.13,35.3,23.13,4.9,20.53,5.65,quartzite,Quartzite,0,0,0,1,21.4736,31.04935,65,68,70,0,0.51627907,215,1.028045326,1.53,115.9945,1078.35735,Centripetal,Africa
1017,31,9,39.42,19.17,25.38,4.91,5.2,18.67,4.53,ferruginous quartzite,Quartzite,0,0,0,1,21.4736,31.04935,65,68,70,0,0.51627907,215,1.553191489,5.17,84.5751,737.5482,Centripetal,Africa
1017,32,7,35.53,17.4,34.7,25.23,6.36,14.17,1.74,fine igneous,Igneous,0,1,0,0,21.4736,31.04935,65,68,70,0,0.51627907,215,1.023919308,1.38,24.6558,995.106475,Centripetal,Africa
1017,33,12,53.74,33.66,42.42,20.89,9.42,30.54,11.38,fine igneous,Igneous,0,1,0,0,21.4736,31.04935,65,68,70,0,0.51627907,215,1.266855257,2.03,347.5452,1872.70465,Centripetal,Africa
1017,34,6,33.39,12.22,23.41,3.5,4.2,9.22,2.93,red ccs,Other,0,0,1,0,21.4736,31.04935,65,68,70,0,0.51627907,215,1.426313541,6.69,27.0146,522.05265,Centripetal,Africa
1017,35,4,27.22,23.92,26.2,20.68,3.22,17.47,2.75,red ccs,Other,0,0,1,0,21.4736,31.04935,65,68,70,0,0.51627907,215,1.038931298,1.27,48.0425,660.085,Centripetal,Africa
1017,36,8,34.4,35.59,29.15,29.05,7.41,33.29,7.62,red ccs,Other,0,0,1,0,21.4736,31.04935,65,68,70,0,0.51627907,215,1.180102916,1,253.6698,1057.284,Centripetal,Africa
1017,37,11,65.24,53.25,56.78,37.08,15.51,48.04,12.73,fine igneous,Igneous,0,1,0,0,21.4736,31.04935,65,68,70,0,0.51627907,215,1.148996125,1.53,611.5492,3325.4459,Centripetal,Africa
1017,38,11,48.48,40.15,60.66,26.76,6.52,38.41,5.37,quartzite,Quartzite,0,0,0,1,21.4736,31.04935,65,68,70,0,0.51627907,215,0.799208704,2.27,206.2617,2281.3476,Centripetal,Africa
1017,39,9,33.01,30.11,41.05,30.11,7.31,27.21,6.89,quartzite,Quartzite,0,0,0,1,21.4736,31.04935,65,68,70,0,0.51627907,215,0.804141291,1.36,187.4769,1174.4958,Centripetal,Africa
1017,40,8,25.03,23.09,27.96,7.21,3.83,16.35,3.18,quartzite,Quartzite,0,0,0,1,21.4736,31.04935,65,68,70,0,0.51627907,215,0.895207439,3.88,51.993,539.52165,Centripetal,Africa
1017,41,5,31.12,21.93,20.89,17.47,4.56,21.69,4.33,quartzite,Quartzite,0,0,0,1,21.4736,31.04935,65,68,70,0,0.51627907,215,1.489707994,1.2,93.9177,631.5804,Centripetal,Africa
1017,42,7,68.57,20.4,22.55,22.39,4.73,15.58,9.24,ferruginous quartzite,Quartzite,0,0,0,1,21.4736,31.04935,65,68,70,0,0.51627907,215,3.040798226,1.01,143.9592,1506.654325,Centripetal,Africa
1017,43,5,52.66,45.8,50.84,30.62,13.55,47.06,15.38,quartzite,Quartzite,0,0,0,1,21.4736,31.04935,65,68,70,0,0.51627907,215,1.035798584,1.66,723.7828,2344.6865,Centripetal,Africa
1017,44,6,73.02,25.59,21.86,24.44,4.89,26.07,7.02,ferruginous quartzite,Quartzite,0,0,0,1,21.4736,31.04935,65,68,70,0,0.51627907,215,3.340347667,0.89,183.0114,1711.40625,Centripetal,Africa
A5,117,9,27.83,16.31,13.67,5.07,2.89,15.08,4.29,obsidian,Other,0,0,1,0,10.41667,40.51667,70,75,80,0,0.4,40,2.035844916,2.7,64.6932,338.9694,Centripetal,Africa
A5,147,8,38.22,26.76,23.09,11.82,6.86,21.75,7.84,fine igneous,Igneous,0,1,0,0,10.41667,40.51667,70,75,80,0,0.4,40,1.655262018,1.95,170.52,809.8818,Centripetal,Africa
A5,837,7,52.02,35.35,33.6,6.2,9.72,35.36,9.44,basalt,Igneous,0,1,0,0,10.41667,40.51667,70,75,80,0,0.4,40,1.548214286,5.42,333.7984,1414.29375,Centripetal,Africa
A5,853,4,26.98,16.5,27.92,19.84,6.26,18.4,4.93,basalt,Igneous,0,1,0,0,10.41667,40.51667,70,75,80,0,0.4,40,0.966332378,1.41,90.712,621.7541,Centripetal,Africa
A5,901,7,23.97,11.9,19.93,17.15,3.83,9.42,3.78,fine igneous,Igneous,0,1,0,0,10.41667,40.51667,70,75,80,0,0.4,40,1.202709483,1.16,35.6076,412.943175,Centripetal,Africa
A5,1003,8,29.58,37.14,44.1,20.73,10.32,39.72,11.12,basalt,Igneous,0,1,0,0,10.41667,40.51667,70,75,80,0,0.4,40,0.670748299,2.13,441.6864,1080.18765,Centripetal,Africa
A5,1023,6,20.19,13.14,15.6,12.51,4.48,9.83,4.72,fine igneous,Igneous,0,1,0,0,10.41667,40.51667,70,75,80,0,0.4,40,1.294230769,1.25,46.3976,286.950375,Centripetal,Africa
A5,1235,5,23.98,24.48,20.56,16.74,5.64,25.08,6.98,basalt,Igneous,0,1,0,0,10.41667,40.51667,70,75,80,0,0.4,40,1.166342412,1.23,175.0584,493.6283,Centripetal,Africa
A5,1313,7,28.17,19.83,22.33,12.57,6.64,20.11,8.43,basalt,Igneous,0,1,0,0,10.41667,40.51667,70,75,80,0,0.4,40,1.261531572,1.78,169.5273,542.69505,Centripetal,Africa
A5,1335,5,37.3,31.69,40.14,38.96,13.03,19.2,8.99,basalt,Igneous,0,1,0,0,10.41667,40.51667,70,75,80,0,0.4,40,0.929247633,1.03,172.608,1407.42225,Centripetal,Africa
A5,1431,6,20.28,22.32,25.51,20.79,5.38,15.08,4.98,basalt,Igneous,0,1,0,0,10.41667,40.51667,70,75,80,0,0.4,40,0.79498236,1.23,75.0984,477.2391,Centripetal,Africa
A5,1435,10,26.59,16.75,25.03,19,5.06,12.61,4.25,basalt,Igneous,0,1,0,0,10.41667,40.51667,70,75,80,0,0.4,40,1.06232521,1.32,53.5925,570.421975,Centripetal,Africa
A5,1460,8,32.52,25.78,33.2,28.21,6.16,23.79,5.09,basalt,Igneous,0,1,0,0,10.41667,40.51667,70,75,80,0,0.4,40,0.979518072,1.18,121.0911,978.7707,Centripetal,Africa
A5,1677,6,33.78,33.07,35.16,28.69,10.98,32.84,8.53,basalt,Igneous,0,1,0,0,10.41667,40.51667,70,75,80,0,0.4,40,0.960750853,1.23,280.1252,1115.4156,Centripetal,Africa
A5,3027,9,28.49,25.45,25.55,9.69,7.53,25.18,8.54,basalt,Igneous,0,1,0,0,10.41667,40.51667,70,75,80,0,0.4,40,1.115068493,2.64,215.0372,614.2444,Centripetal,Africa
A5,3834,11,24.81,26.91,27.54,16.81,8.77,26.9,7.91,basalt,Igneous,0,1,0,0,10.41667,40.51667,70,75,80,0,0.4,40,0.90087146,1.64,212.779,612.807,Centripetal,Africa
A5,4071,6,29,18.82,26.72,21.25,5.94,18.22,6.44,basalt,Igneous,0,1,0,0,10.41667,40.51667,70,75,80,0,0.4,40,1.085329341,1.26,117.3368,677.9475,Centripetal,Africa
A5,4197,8,33,15.89,25.39,13.37,6.02,15.13,5.21,basalt,Igneous,0,1,0,0,10.41667,40.51667,70,75,80,0,0.4,40,1.299724301,1.9,78.8273,660.33,Centripetal,Africa
A5,4243,13,60.64,54.47,65.19,44.17,16.26,50.82,18.69,fine igneous,Igneous,0,1,0,0,10.41667,40.51667,70,75,80,0,0.4,40,0.930204019,1.48,949.8258,3471.9432,Centripetal,Africa
A5,4250,5,28.5,25.09,37.02,22.7,7.74,15.22,4.4,basalt,Igneous,0,1,0,0,10.41667,40.51667,70,75,80,0,0.4,40,0.769854133,1.63,66.968,868.03875,Centripetal,Africa
A5,4251,6,37.47,26.53,25.72,16.26,6.11,21.96,3.5,basalt,Igneous,0,1,0,0,10.41667,40.51667,70,75,80,0,0.4,40,1.456842924,1.58,76.86,882.699525,Centripetal,Africa
A5,4272,6,52.28,32.06,40.91,23.51,11.14,30.98,10.44,basalt,Igneous,0,1,0,0,10.41667,40.51667,70,75,80,0,0.4,40,1.277927157,1.74,323.4312,1795.6873,Centripetal,Africa
A5,4304,11,49.72,20.2,35.19,4.72,6.45,21.45,7.9,basalt,Igneous,0,1,0,0,10.41667,40.51667,70,75,80,0,0.4,40,1.412901392,7.46,169.455,1184.579,Centripetal,Africa
A5,4312,7,58.36,37.97,49.53,31.88,15.81,31.95,13.83,basalt,Igneous,0,1,0,0,10.41667,40.51667,70,75,80,0,0.4,40,1.178275792,1.55,441.8685,2464.3969,Centripetal,Africa
A5,4339,6,32.36,38.63,34.02,25.41,12.38,38.4,11.94,basalt,Igneous,0,1,0,0,10.41667,40.51667,70,75,80,0,0.4,40,0.951205173,1.34,458.496,1068.5272,Centripetal,Africa
A5,4345,5,25.13,21.6,24.47,17.1,3.77,12.69,4.01,basalt,Igneous,0,1,0,0,10.41667,40.51667,70,75,80,0,0.4,40,1.026971802,1.43,50.8869,550.5983,Centripetal,Africa
A5,4352,7,33.87,24.22,32.2,15.81,7.61,22.51,5.27,basalt,Igneous,0,1,0,0,10.41667,40.51667,70,75,80,0,0.4,40,1.051863354,2.04,118.6277,884.261025,Centripetal,Africa
A5,4373,10,42.25,35.33,46.86,33.92,10.86,34.54,10.06,basalt,Igneous,0,1,0,0,10.41667,40.51667,70,75,80,0,0.4,40,0.901621852,1.38,347.4724,1721.370625,Centripetal,Africa
A5,4436,6,25.96,18.2,23.03,13.87,4.17,8.16,2.83,fine igneous,Igneous,0,1,0,0,10.41667,40.51667,70,75,80,0,0.4,40,1.127225358,1.66,23.0928,507.0637,Centripetal,Africa
A5,4488,7,27.39,15.01,15.3,1.77,3.17,9.59,3.49,chert,Chert,1,0,0,0,10.41667,40.51667,70,75,80,0,0.4,40,1.790196078,8.64,33.4691,324.43455,Centripetal,Africa
A5,4493,8,19.95,15.33,15.48,2.12,5.49,13.61,5.35,basalt,Igneous,0,1,0,0,10.41667,40.51667,70,75,80,0,0.4,40,1.28875969,7.3,72.8135,241.444875,Centripetal,Africa
A5,4587,7,30.75,32.15,32.33,17.47,6.19,33.02,6.06,basalt,Igneous,0,1,0,0,10.41667,40.51667,70,75,80,0,0.4,40,0.951128982,1.85,200.1012,878.5275,Centripetal,Africa
A5,6002,5,38.81,22.58,25.42,16.86,4.9,22.82,3.59,basalt,Igneous,0,1,0,0,10.41667,40.51667,70,75,80,0,0.4,40,1.52675059,1.51,81.9238,875.9417,Centripetal,Africa
ANW-3,1,8,53.33,26.75,26.62,18.38,6.63,29.97,8.93,quartz,Other,0,0,1,0,21.56213,31.05615,60,63,65,0,0.35915493,710,2.003380917,1.45,267.6321,1311.518025,Centripetal,Africa
ANW-3,1,7,48.22,24.56,34.56,24.13,9.26,20.48,6.98,quartz,Other,0,0,1,0,21.56213,31.05615,60,63,65,0,0.35915493,710,1.39525463,1.43,142.9504,1420.19955,Centripetal,Africa
ANW-3,2,8,45.69,25.77,27.48,6.32,6.17,25.69,7.54,chert,Chert,1,0,0,0,21.56213,31.05615,60,63,65,0,0.35915493,710,1.662663755,4.35,193.7026,994.328625,Centripetal,Africa
ANW-3,3,8,44.15,41.89,36.88,20.59,12.74,39.68,13.11,chert,Chert,1,0,0,0,21.56213,31.05615,60,63,65,0,0.35915493,710,1.197125813,1.79,520.2048,1503.749,Centripetal,Africa
ANW-3,4,7,51.55,48.08,43.16,32.03,11.17,47.61,11.54,chert,Chert,1,0,0,0,21.56213,31.05615,60,63,65,0,0.35915493,710,1.194392956,1.35,549.4194,2144.866625,Centripetal,Africa
ANW-3,4,8,33.78,26.12,23.68,12.53,9.6,26.42,8.21,quartz,Other,0,0,1,0,21.56213,31.05615,60,63,65,0,0.35915493,710,1.42652027,1.89,216.9082,726.35445,Centripetal,Africa
ANW-3,5,8,59.69,34.62,43.87,27.49,13.7,31.32,13.29,ferruginous quartzite,Quartzite,0,0,0,1,21.56213,31.05615,60,63,65,0,0.35915493,710,1.360610896,1.6,416.2428,2236.136625,Centripetal,Africa
ANW-3,5,6,45.79,32.21,37.61,23.33,6.06,22.22,5.84,quartzite,Quartzite,0,0,0,1,21.56213,31.05615,60,63,65,0,0.35915493,710,1.217495347,1.61,129.7648,1496.8751,Centripetal,Africa
ANW-3,6,10,64.07,37.18,42.02,27.01,7.61,34.08,9.78,quartzite,Quartzite,0,0,0,1,21.56213,31.05615,60,63,65,0,0.35915493,710,1.524750119,1.56,333.3024,2374.274025,Centripetal,Africa
ANW-3,6,8,46.1,42,47.48,30.58,7.85,38.65,7.55,ccs,Other,0,0,1,0,21.56213,31.05615,60,63,65,0,0.35915493,710,0.970935131,1.55,291.8075,1930.8985,Centripetal,Africa
ANW-3,7,7,45.6,26.58,32.43,12.5,7.88,23.28,8.5,ferruginous quartzite,Quartzite,0,0,0,1,21.56213,31.05615,60,63,65,0,0.35915493,710,1.406105458,2.59,197.88,1184.916,Centripetal,Africa
ANW-3,8,7,41.73,38.72,30.71,17.4,10.15,38.18,12.64,ccs,Other,0,0,1,0,21.56213,31.05615,60,63,65,0,0.35915493,710,1.358840768,1.76,482.5952,1226.23605,Centripetal,Africa
ANW-3,9,8,48.37,25.5,40.61,22.79,6.51,22.37,9.98,ferruginous quartzite,Quartzite,0,0,0,1,21.56213,31.05615,60,63,65,0,0.35915493,710,1.191085939,1.78,223.2526,1566.099675,Centripetal,Africa
ANW-3,9,8,31.54,26.83,37.89,32.34,9.71,25.4,9.73,ferruginous quartzite,Quartzite,0,0,0,1,21.56213,31.05615,60,63,65,0,0.35915493,710,0.832409607,1.17,247.142,1064.08075,Centripetal,Africa
ANW-3,10,5,33.7,26.94,32.52,17.44,7.86,22.08,7.31,red ccs,Other,0,0,1,0,21.56213,31.05615,60,63,65,0,0.35915493,710,1.036285363,1.86,161.4048,921.8635,Centripetal,Africa
ANW-3,11,12,75.06,60.34,57.11,40.33,17.76,59.99,20.18,ferruginous quartzite,Quartzite,0,0,0,1,21.56213,31.05615,60,63,65,0,0.35915493,710,1.314305726,1.42,1210.5982,4032.41085,Centripetal,Africa
ANW-3,12,5,35.62,28.09,28.05,12.93,8.3,24.15,8.26,quartz,Other,0,0,1,0,21.56213,31.05615,60,63,65,0,0.35915493,710,1.269875223,2.17,199.479,864.8536,Centripetal,Africa
ANW-3,13,7,40.36,20.89,27.72,12.76,6.69,18.87,7.55,ccs,Other,0,0,1,0,21.56213,31.05615,60,63,65,0,0.35915493,710,1.455988456,2.17,142.4685,898.9181,Centripetal,Africa
ANW-3,19,9,26.26,20.03,20.59,7.51,6.07,19.38,6.7,chert,Chert,1,0,0,0,21.56213,31.05615,60,63,65,0,0.35915493,710,1.275376396,2.74,129.846,451.1468,Centripetal,Africa
ANW-3,27,7,40.11,25.2,30.56,17.82,8.59,24.23,8.44,ferruginous quartzite,Quartzite,0,0,0,1,21.56213,31.05615,60,63,65,0,0.35915493,710,1.3125,1.71,204.5012,1044.26385,Centripetal,Africa
ANW-3,35,9,46.1,29,32.15,32.34,6.76,28.81,9.21,chert,Chert,1,0,0,0,21.56213,31.05615,60,63,65,0,0.35915493,710,1.433903577,0.99,265.3401,1448.001,Centripetal,Africa
ANW-3,35,10,39.78,15.58,30.74,20.27,5.44,12.37,3.33,red ccs,Other,0,0,1,0,21.56213,31.05615,60,63,65,0,0.35915493,710,1.294079375,1.52,41.1921,967.94685,Centripetal,Africa
ANW-3,36,6,30.13,20.4,23.32,18.19,5.08,19.06,6.39,chert,Chert,1,0,0,0,21.56213,31.05615,60,63,65,0,0.35915493,710,1.292024014,1.28,121.7934,641.994975,Centripetal,Africa
ANW-3,39,6,51.17,36.78,48.5,34.77,9.03,33.35,11.22,quartz,Other,0,0,1,0,21.56213,31.05615,60,63,65,0,0.35915493,710,1.055051546,1.39,374.187,2156.175875,Centripetal,Africa
ANW-3,40,7,22.58,24.94,29.38,20.68,8.44,28.84,8.06,chert,Chert,1,0,0,0,21.56213,31.05615,60,63,65,0,0.35915493,710,0.768550034,1.42,232.4504,589.2251,Centripetal,Africa
ANW-3,40,6,48.07,22.98,28.87,11.42,6.12,22.51,6.87,chert,Chert,1,0,0,0,21.56213,31.05615,60,63,65,0,0.35915493,710,1.665050225,2.53,154.6437,1107.29245,Centripetal,Africa
ANW-3,40,9,58.58,26.41,28.53,22.27,6.06,21.03,6.7,quartzite,Quartzite,0,0,0,1,21.56213,31.05615,60,63,65,0,0.35915493,710,2.053277252,1.28,140.901,1548.5623,Centripetal,Africa
ANW-3,41,6,48.25,22.06,35.16,21.96,8.4,20.19,10.36,ferruginous quartzite,Quartzite,0,0,0,1,21.56213,31.05615,60,63,65,0,0.35915493,710,1.372298066,1.6,209.1684,1379.22625,Centripetal,Africa
ANW-3,41,10,32.42,29.55,30.26,18.96,6.62,26.15,7.14,red ccs,Other,0,0,1,0,21.56213,31.05615,60,63,65,0,0.35915493,710,1.071381362,1.6,186.711,883.68815,Centripetal,Africa
ANW-3,41,8,37.45,17.32,17.61,13.99,2.66,17.19,4.15,ccs,Other,0,0,1,0,21.56213,31.05615,60,63,65,0,0.35915493,710,2.126632595,1.26,71.3385,622.887125,Centripetal,Africa
ANW-3,43,4,35.8,30.71,32.24,22.15,7.03,30.72,9,chert,Chert,1,0,0,0,21.56213,31.05615,60,63,65,0,0.35915493,710,1.110421836,1.46,276.48,1050.193,Centripetal,Africa
ANW-3,43,8,29.56,20.97,29.88,20.91,5.78,22.94,6.51,chert,Chert,1,0,0,0,21.56213,31.05615,60,63,65,0,0.35915493,710,0.989290495,1.43,149.3394,751.1196,Centripetal,Africa
ANW-3,46,10,31.99,23.85,26.38,23.31,6.06,18.48,5.44,chert,Chert,1,0,0,0,21.56213,31.05615,60,63,65,0,0.35915493,710,1.212661107,1.13,100.5312,799.1102,Centripetal,Africa
ANW-3,47,7,30.21,26.75,28.56,21.86,9.37,26.61,9.94,ccs,Other,0,0,1,0,21.56213,31.05615,60,63,65,0,0.35915493,710,1.057773109,1.31,264.5034,798.525825,Centripetal,Africa
ANW-3,47,6,35.25,27.79,24.65,9.08,5.7,29.67,7.07,ferruginous quartzite,Quartzite,0,0,0,1,21.56213,31.05615,60,63,65,0,0.35915493,710,1.430020284,2.71,209.7669,759.373125,Centripetal,Africa
ANW-3,52,5,46.32,24.9,32.4,28.26,8.59,23.47,9.64,quartz,Other,0,0,1,0,21.56213,31.05615,60,63,65,0,0.35915493,710,1.42962963,1.15,226.2508,1365.9768,Centripetal,Africa
ANW-3,56,5,38.2,35.95,25.11,15.87,11.69,36.59,11.9,fine igneous,Igneous,0,1,0,0,21.56213,31.05615,60,63,65,0,0.35915493,710,1.521306252,1.58,435.421,974.482,Centripetal,Africa
ANW-3,56,8,41.86,34.18,39.16,23.19,8.68,35.64,8.51,chert,Chert,1,0,0,0,21.56213,31.05615,60,63,65,0,0.35915493,710,1.068947906,1.69,303.2964,1419.99585,Centripetal,Africa
ANW-3,57,9,43.09,30.27,42.11,24.16,9.6,33.86,8.95,ccs,Other,0,0,1,0,21.56213,31.05615,60,63,65,0,0.35915493,710,1.023272382,1.74,303.047,1493.607125,Centripetal,Africa
ANW-3,57,6,37.03,28.76,35.6,26.24,6.28,19.16,8.24,red ccs,Other,0,0,1,0,21.56213,31.05615,60,63,65,0,0.35915493,710,1.040168539,1.36,157.8784,1168.2965,Centripetal,Africa
ANW-3,59,6,41.99,34.84,40.88,27.95,10.5,35.65,8.13,chert,Chert,1,0,0,0,21.56213,31.05615,60,63,65,0,0.35915493,710,1.027152642,1.46,289.8345,1517.413625,Centripetal,Africa
ANW-3,59,5,41.44,23.55,37.28,24.75,8.04,19.78,6.17,chert,Chert,1,0,0,0,21.56213,31.05615,60,63,65,0,0.35915493,710,1.111587983,1.51,122.0426,1272.8296,Centripetal,Africa
ANW-3,60,11,50.25,36.95,33.26,20.88,8.6,31.11,9.89,fine igneous,Igneous,0,1,0,0,21.56213,31.05615,60,63,65,0,0.35915493,710,1.510823812,1.59,307.6779,1562.146875,Centripetal,Africa
ANW-3,61,9,33.35,22.93,31.14,25.56,8.21,15.95,5.42,chert,Chert,1,0,0,0,21.56213,31.05615,60,63,65,0,0.35915493,710,1.070969814,1.22,86.449,923.544875,Centripetal,Africa
ANW-3,61,10,50.41,17.75,28.19,7.26,6.74,17.23,5.17,fine igneous,Igneous,0,1,0,0,21.56213,31.05615,60,63,65,0,0.35915493,710,1.788222774,3.88,89.0791,1025.717475,Centripetal,Africa
ANW-3,65,11,34.46,28.27,25.24,12.77,5.37,27.04,6.59,chert,Chert,1,0,0,0,21.56213,31.05615,60,63,65,0,0.35915493,710,1.365293185,1.98,178.1936,788.4448,Centripetal,Africa
ANW-3,65,7,28.29,18.13,20.65,10.59,4.23,17.75,5.25,chert,Chert,1,0,0,0,21.56213,31.05615,60,63,65,0,0.35915493,710,1.369975787,1.95,93.1875,495.21645,Centripetal,Africa
ANW-3,100,4,38.29,33.16,32.25,21.7,9.31,34.68,10.83,fine igneous,Igneous,0,1,0,0,21.56213,31.05615,60,63,65,0,0.35915493,710,1.187286822,1.49,375.5844,1142.5736,Centripetal,Africa
ANW-3,100,6,48.86,27.24,31.89,19.91,9.27,27.73,9.06,ferruginous quartzite,Quartzite,0,0,0,1,21.56213,31.05615,60,63,65,0,0.35915493,710,1.532141737,1.6,251.2338,1355.00995,Centripetal,Africa
ANW-3,100,7,46.9,28.45,38.51,24.67,8.61,25.71,7.73,fine igneous,Igneous,0,1,0,0,21.56213,31.05615,60,63,65,0,0.35915493,710,1.217865489,1.56,198.7383,1525.8915,Centripetal,Africa
ANW-3,100,7,34.18,15.09,19.05,9.8,4.58,16.26,5.72,chert,Chert,1,0,0,0,21.56213,31.05615,60,63,65,0,0.35915493,710,1.794225722,1.94,93.0072,538.24955,Centripetal,Africa
ANW-3,7(?),7,51.67,27.94,36.31,26.48,5.19,23.89,4.99,ferruginous quartzite,Quartzite,0,0,0,1,21.56213,31.05615,60,63,65,0,0.35915493,710,1.42302396,1.37,119.2111,1641.0392,Centripetal,Africa
BNS,20,4,42.55,30.9,28.43,1.24,6.96,26.52,8.99,chert,Chert,1,0,0,0,4.8003,35.9666,104,105,106,0,0.204081633,49,1.496658459,22.93,238.4148,946.7375,Centripetal,Africa
BNS,50,4,28.98,19.38,20.24,7.77,4.05,18.26,5.87,chert,Chert,1,0,0,0,4.8003,35.9666,104,105,106,0,0.204081633,49,1.431818182,2.6,107.1862,489.97935,Centripetal,Africa
BNS,96,5,21.04,14.87,20.52,14.87,4.43,14.86,3.97,chert,Chert,1,0,0,0,4.8003,35.9666,104,105,106,0,0.204081633,49,1.025341131,1.38,58.9942,372.3028,Centripetal,Africa
BNS,155,8,30.23,33.14,33.99,28.63,8.48,30.32,10.06,fine igneous,Igneous,0,1,0,0,4.8003,35.9666,104,105,106,0,0.204081633,49,0.889379229,1.19,305.0192,980.585625,Centripetal,Africa
BNS,161,8,32.2,23.67,31.3,21.15,6.59,28.4,2.9,basalt,Igneous,0,1,0,0,4.8003,35.9666,104,105,106,0,0.204081633,49,1.028753994,1.48,82.36,864.731,Centripetal,Africa
BNS,176,3,19.82,20.19,23.63,21.81,6.17,17.58,5.84,chert,Chert,1,0,0,0,4.8003,35.9666,104,105,106,0,0.204081633,49,0.838764283,1.08,102.6672,442.2833,Centripetal,Africa
BNS,185,7,26.94,16.14,19.22,17.52,4.7,11.43,4.72,chert,Chert,1,0,0,0,4.8003,35.9666,104,105,106,0,0.204081633,49,1.401664932,1.1,53.9496,485.5935,Centripetal,Africa
BNS,229,5,23.69,25.96,22.19,14.84,6.74,26.28,9.65,chert,Chert,1,0,0,0,4.8003,35.9666,104,105,106,0,0.204081633,49,1.067598017,1.5,253.602,504.47855,Centripetal,Africa
BNS,243,9,18.77,16.27,16.87,2.63,3.14,15.89,4.46,chert,Chert,1,0,0,0,4.8003,35.9666,104,105,106,0,0.204081633,49,1.112625963,6.41,70.8694,247.0132,Centripetal,Africa
BNS,255,9,37.7,14.14,28.68,20.84,4.62,12.03,4.25,fine igneous,Igneous,0,1,0,0,4.8003,35.9666,104,105,106,0,0.204081633,49,1.314504881,1.38,51.1275,870.3045,Centripetal,Africa
BNS,366,4,51.72,38.7,41.76,38,9.14,47.06,10.82,chert,Chert,1,0,0,0,4.8003,35.9666,104,105,106,0,0.204081633,49,1.238505747,1.1,509.1892,2071.6446,Centripetal,Africa
BNS,367,10,45.1,29.99,36.41,17.82,5.16,28.53,8.7,fine igneous,Igneous,0,1,0,0,4.8003,35.9666,104,105,106,0,0.204081633,49,1.238670695,2.04,248.211,1360.10325,Centripetal,Africa
BNS,524,13,39.76,23.98,29.61,5.28,7.11,22.22,9.67,fine igneous,Igneous,0,1,0,0,4.8003,35.9666,104,105,106,0,0.204081633,49,1.342789598,5.61,214.8674,879.4912,Centripetal,Africa
BNS,734,11,18.58,10.39,14.73,6.9,3.02,9.76,3.64,chert,Chert,1,0,0,0,4.8003,35.9666,104,105,106,0,0.204081633,49,1.261371351,2.13,35.5264,217.15375,Centripetal,Africa
BNS,812,16,48.94,37.38,52.72,37.38,14.98,34.08,7.35,chert,Chert,1,0,0,0,4.8003,35.9666,104,105,106,0,0.204081633,49,0.928300455,1.41,250.488,2204.747,Centripetal,Africa
BNS,837,7,26.56,16.91,19.03,22.93,5.49,12.4,4.12,fine igneous,Igneous,0,1,0,0,4.8003,35.9666,104,105,106,0,0.204081633,49,1.395691014,0.83,51.088,517.256,Centripetal,Africa
BNS,838,7,30.3,28.65,33.78,32.95,7.34,28.85,8.4,rhyolite,Igneous,0,1,0,0,4.8003,35.9666,104,105,106,0,0.204081633,49,0.896980462,1.03,242.34,978.387,Centripetal,Africa
BNS,943,5,36.43,22.25,25.52,21.84,6.14,21.69,3.6,fine igneous,Igneous,0,1,0,0,4.8003,35.9666,104,105,106,0,0.204081633,49,1.427507837,1.17,78.084,866.396475,Centripetal,Africa
BNS,977,5,30.06,10.57,15.36,1.34,3.04,10.56,3.22,chert,Chert,1,0,0,0,4.8003,35.9666,104,105,106,0,0.204081633,49,1.95703125,11.46,34.0032,320.36445,Centripetal,Africa
BNS,1043,9,52.43,25.17,29.6,13.94,6.32,17.37,5.49,rhyolite,Igneous,0,1,0,0,4.8003,35.9666,104,105,106,0,0.204081633,49,1.771283784,2.12,95.3613,1288.598325,Centripetal,Africa
BNS,1166,8,47.67,22.32,34.26,26.7,9.35,12.38,4.47,fine igneous,Igneous,0,1,0,0,4.8003,35.9666,104,105,106,0,0.204081633,49,1.391418564,1.28,55.3386,1400.78295,Centripetal,Africa
BNS,1182,8,38.37,17.33,30.8,19.95,8.74,10.58,3.85,chert,Chert,1,0,0,0,4.8003,35.9666,104,105,106,0,0.204081633,49,1.245779221,1.54,40.733,948.5064,Centripetal,Africa
BNS,2803,7,39.67,16.61,24.32,5.39,5.78,14.97,5.56,fine igneous,Igneous,0,1,0,0,4.8003,35.9666,104,105,106,0,0.204081633,49,1.631167763,4.51,83.2332,700.5722,Centripetal,Africa
BNS,675/678 (conjoin),5,18.91,20.49,22.92,12.68,4.34,19.71,5.35,red ccs,Other,0,0,1,0,4.8003,35.9666,104,105,106,0,0.204081633,49,0.82504363,1.81,105.4485,373.519775,Centripetal,Africa
JKF-1,873,7,58.26,21.09,27.55,4.63,8.31,20.51,5.83,quartz,Other,0,0,1,0,27.9218,40.80503,50,55,60,0,0.116071429,112,2.114700544,5.95,119.5733,1177.1433,Centripetal,Arabia
JKF-1,S62 + S 63 (conjoin),5,67.92,24.98,32.95,20.61,7.92,19.82,5.62,ferruginous quartzite,Quartzite,0,0,0,1,27.9218,40.80503,50,55,60,0,0.116071429,112,2.061305008,1.6,111.3884,1893.1002,Centripetal,Arabia
JQ-1,3,11,65.29,26.65,44.33,25.9,10.8,18.09,5.32,ferruginous quartzite,Quartzite,0,0,0,1,28.015253,41.059735,70,75,80,0,0.526315789,19,1.472817505,1.71,96.2388,2304.900225,Centripetal,Arabia
JQ-1,5,4,47.92,27.95,39.34,27.78,8.44,32.51,10.36,quartzite,Quartzite,0,0,0,1,28.015253,41.059735,70,75,80,0,0.526315789,19,1.218098627,1.42,336.8036,1610.2318,Centripetal,Arabia
JQ-1,7,5,54.51,20.62,32.06,29.51,9.06,18.78,8.01,quartzite,Quartzite,0,0,0,1,28.015253,41.059735,70,75,80,0,0.526315789,19,1.700249532,1.09,150.4278,1556.941875,Centripetal,Arabia
JQ-1,18,4,33.25,27.57,33.63,33.2,9.59,25.35,11.3,ferruginous quartzite,Quartzite,0,0,0,1,28.015253,41.059735,70,75,80,0,0.526315789,19,0.988700565,1.01,286.455,1064.249375,Centripetal,Arabia
JQ-1,67,11,42.6,26.59,35.44,26.54,7.91,28.26,6.58,ferruginous quartzite,Quartzite,0,0,0,1,28.015253,41.059735,70,75,80,0,0.526315789,19,1.202031603,1.34,185.9508,1320.7065,Centripetal,Arabia
JQ-1,83,5,33.46,34.33,39.4,26.5,12.26,30.99,9.55,ferruginous quartzite,Quartzite,0,0,0,1,28.015253,41.059735,70,75,80,0,0.526315789,19,0.849238579,1.49,295.9545,1168.00495,Centripetal,Arabia
JQ-1,91,7,39.53,39.36,46.29,49.81,9.82,37.5,7.63,ferruginous quartzite,Quartzite,0,0,0,1,28.015253,41.059735,70,75,80,0,0.526315789,19,0.853964139,0.93,286.125,1796.144375,Centripetal,Arabia
JQ-1,115,8,41.26,41.54,35.68,24.63,9.15,40.12,9.41,quartzite,Quartzite,0,0,0,1,28.015253,41.059735,70,75,80,0,0.526315789,19,1.156390135,1.45,377.5292,1418.62195,Centripetal,Arabia
JQ-1,121,5,30.71,29.44,23.69,17.01,10.61,27.35,11.17,ferruginous quartzite,Quartzite,0,0,0,1,28.015253,41.059735,70,75,80,0,0.526315789,19,1.296327564,1.39,305.4995,720.379825,Centripetal,Arabia
JQ-1,807,8,40.33,19.26,37.13,27.79,6.74,19.19,2.02,ferruginous quartzite,Quartzite,0,0,0,1,28.015253,41.059735,70,75,80,0,0.526315789,19,1.086183679,1.34,38.7638,1223.108075,Centripetal,Arabia
JSM-1,164,6,46.16,25.06,28.76,10.68,11.16,21.43,8.61,argilaceous quartzite,Quartzite,0,0,0,1,27.97692724,40.92311408,66,75,84,0,0.109589041,73,1.605006954,2.69,184.5123,1076.2204,Centripetal,Arabia
JSM-1,301,13,47.47,43.98,43.19,20.57,9.26,40.24,14.25,argilaceous quartzite,Quartzite,0,0,0,1,27.97692724,40.92311408,66,75,84,0,0.109589041,73,1.099097013,2.1,573.42,1791.161775,Centripetal,Arabia
JSM-1,302,6,40.23,20.48,28.56,24.82,7.84,21.6,7.51,argilaceous quartzite,Quartzite,0,0,0,1,27.97692724,40.92311408,66,75,84,0,0.109589041,73,1.408613445,1.15,162.216,1030.08915,Centripetal,Arabia
JSM-1,309,9,44.77,35.48,31.06,21.07,12.1,32.82,6.12,argilaceous quartzite,Quartzite,0,0,0,1,27.97692724,40.92311408,66,75,84,0,0.109589041,73,1.441403735,1.47,200.8584,1328.213975,Centripetal,Arabia
JSM-1,314,4,36.68,18.55,28.04,21.41,6.46,17.85,7.35,argilaceous quartzite,Quartzite,0,0,0,1,27.97692724,40.92311408,66,75,84,0,0.109589041,73,1.308131241,1.31,131.1975,880.6868,Centripetal,Arabia
JSM-1,501,8,43.5,16.9,26.7,22.04,6.09,13.32,5.54,argilaceous quartzite,Quartzite,0,0,0,1,27.97692724,40.92311408,66,75,84,0,0.109589041,73,1.629213483,1.21,73.7928,1004.1975,Centripetal,Arabia
JSM-1,502,6,34.6,21.78,24.57,17.92,6.77,21.36,8.71,argilaceous quartzite,Quartzite,0,0,0,1,27.97692724,40.92311408,66,75,84,0,0.109589041,73,1.408221408,1.37,186.0456,768.466,Centripetal,Arabia
JSM-1,503,5,53.69,39.23,39.44,35.01,9.35,37.94,12.79,argilaceous quartzite,Quartzite,0,0,0,1,27.97692724,40.92311408,66,75,84,0,0.109589041,73,1.361308316,1.13,485.2526,2055.2532,Centripetal,Arabia
JSM-1,504,4,42.54,24.83,31.23,24.97,6.58,23.37,9.99,argilaceous quartzite,Quartzite,0,0,0,1,27.97692724,40.92311408,66,75,84,0,0.109589041,73,1.362151777,1.25,233.4663,1193.8851,Centripetal,Arabia
JSM-1,505,5,57.38,49.12,47.59,33.01,8.67,32.15,4.18,argilaceous quartzite,Quartzite,0,0,0,1,27.97692724,40.92311408,66,75,84,0,0.109589041,73,1.205715486,1.44,134.387,2543.51195,Centripetal,Arabia
JSM-1,506,7,39.3,34.3,39.09,27.64,8.93,36.44,7.18,argilaceous quartzite,Quartzite,0,0,0,1,27.97692724,40.92311408,66,75,84,0,0.109589041,73,1.005372218,1.41,261.6392,1376.679,Centripetal,Arabia
JSM-1,507,6,41.37,24.57,33.06,20.8,8.74,18.67,6.33,argilaceous quartzite,Quartzite,0,0,0,1,27.97692724,40.92311408,66,75,84,0,0.109589041,73,1.251361162,1.59,118.1811,1153.085325,Centripetal,Arabia
JSM-1,509,12,39.69,23.97,28.92,21.12,10.75,21.73,4.27,argilaceous quartzite,Quartzite,0,0,0,1,27.97692724,40.92311408,66,75,84,0,0.109589041,73,1.372406639,1.37,92.7871,1021.322925,Centripetal,Arabia
JSM-1,510,7,41.36,21.37,22.14,10.32,6.71,21.8,7.16,argilaceous quartzite,Quartzite,0,0,0,1,27.97692724,40.92311408,66,75,84,0,0.109589041,73,1.868112014,2.15,156.088,785.5298,Centripetal,Arabia
JSM-1,511,11,43.66,28.78,34.52,32,5.6,14.01,4.99,argilaceous quartzite,Quartzite,0,0,0,1,27.97692724,40.92311408,66,75,84,0,0.109589041,73,1.264774044,1.08,69.9099,1416.9853,Centripetal,Arabia
JSM-1,523,9,32.18,17.63,28.74,16.98,10.14,14.19,1.92,argilaceous quartzite,Quartzite,0,0,0,1,27.97692724,40.92311408,66,75,84,0,0.109589041,73,1.119693807,1.69,27.2448,740.86405,Centripetal,Arabia
JSM-1,531,5,21.72,21.32,21.71,6.79,6.57,23.68,6.77,argilaceous quartzite,Quartzite,0,0,0,1,27.97692724,40.92311408,66,75,84,0,0.109589041,73,1.000460617,3.2,160.3136,388.4079,Centripetal,Arabia
JSM-1,575,6,28.61,19.79,20.86,17.45,7.39,14.51,6.91,argilaceous quartzite,Quartzite,0,0,0,1,27.97692724,40.92311408,66,75,84,0,0.109589041,73,1.371524449,1.2,100.2641,564.7614,Centripetal,Arabia
JSM-1,576,7,24.06,23.27,31.9,19.72,7.45,22.72,5.88,argilaceous quartzite,Quartzite,0,0,0,1,27.97692724,40.92311408,66,75,84,0,0.109589041,73,0.754231975,1.62,133.5936,642.34185,Centripetal,Arabia
JSM-1,647,6,27.87,17.23,23.25,15.46,8.13,16,3.99,argilaceous quartzite,Quartzite,0,0,0,1,27.97692724,40.92311408,66,75,84,0,0.109589041,73,1.198709677,1.5,63.84,551.756325,Centripetal,Arabia
JSM-1,790,5,29.67,17.26,24.57,17.25,7.49,15.15,3.87,argilaceous quartzite,Quartzite,0,0,0,1,27.97692724,40.92311408,66,75,84,0,0.109589041,73,1.207570208,1.42,58.6305,620.473875,Centripetal,Arabia
JSM-1,810,7,20.97,13.2,20.96,23.88,5.49,9.73,3.59,argilaceous quartzite,Quartzite,0,0,0,1,27.97692724,40.92311408,66,75,84,0,0.109589041,73,1.000477099,0.88,34.9307,414.1575,Centripetal,Arabia
JSM-1,914,8,23.67,10.52,14.23,8.82,2.68,6.56,2.29,argilaceous quartzite,Quartzite,0,0,0,1,27.97692724,40.92311408,66,75,84,0,0.109589041,73,1.66338721,1.61,15.0224,282.8565,Centripetal,Arabia
JSM-1,915,7,31.92,13.92,21.03,12.56,4.53,9.68,4.67,argilaceous quartzite,Quartzite,0,0,0,1,27.97692724,40.92311408,66,75,84,0,0.109589041,73,1.517831669,1.67,45.2056,546.9492,Centripetal,Arabia
JSM-1,932,6,27.3,28.91,27.78,20.11,6.06,28.84,8.04,argilaceous quartzite,Quartzite,0,0,0,1,27.97692724,40.92311408,66,75,84,0,0.109589041,73,0.982721382,1.38,231.8736,713.7585,Centripetal,Arabia
JSM-1,934,5,24.42,18.9,23.45,18.61,5.67,7.61,2.72,argilaceous quartzite,Quartzite,0,0,0,1,27.97692724,40.92311408,66,75,84,0,0.109589041,73,1.041364606,1.26,20.6992,515.32305,Centripetal,Arabia
JSM-1,987,5,26.64,20.92,32.16,27.64,7.39,12.49,9.6,argilaceous quartzite,Quartzite,0,0,0,1,27.97692724,40.92311408,66,75,84,0,0.109589041,73,0.828358209,1.16,119.904,751.7808,Centripetal,Arabia
JSM-1,1087,7,34.68,21.4,20.87,14.32,8.49,21.8,8.82,argilaceous quartzite,Quartzite,0,0,0,1,27.97692724,40.92311408,66,75,84,0,0.109589041,73,1.661715381,1.46,192.276,671.5782,Centripetal,Arabia
JSM-1,1088,7,55.89,42.48,42.42,32.17,10.74,30.98,8.45,argilaceous quartzite,Quartzite,0,0,0,1,27.97692724,40.92311408,66,75,84,0,0.109589041,73,1.317538897,1.32,261.781,2228.474025,Centripetal,Arabia
JSM-1,x-100,6,88.82,47.07,56.73,41.69,15.37,43.28,8.53,argilaceous quartzite,Quartzite,0,0,0,1,27.97692724,40.92311408,66,75,84,0,0.109589041,73,1.565661907,1.36,369.1784,4490.2951,Centripetal,Arabia
Kebara X,40,4,44.98,31.03,29.32,23.67,3.52,23.12,5.67,chert,Chert,1,0,0,0,34.93,32.56,60,63,65,1,0.269662921,534,1.534106412,1.24,131.0904,1274.5083,Centripetal,Levant
Kebara X,118,5,39.31,21.54,24.74,6.1,4.71,15.84,3.17,chert,Chert,1,0,0,0,34.93,32.56,60,63,65,1,0.269662921,534,1.588924818,4.06,50.2128,757.8968,Centripetal,Levant
Kebara X,120,10,60.06,18.14,30.1,16.66,8.77,12.56,5.04,chert,Chert,1,0,0,0,34.93,32.56,60,63,65,1,0.269662921,534,1.995348837,1.81,63.3024,1426.425,Centripetal,Levant
Kebara X,391,6,48.84,60.95,47.77,7.2,11.6,61.18,8.29,chert,Chert,1,0,0,0,34.93,32.56,60,63,65,1,0.269662921,534,1.022398995,6.63,507.1822,1998.6549,Centripetal,Levant
Ksar Akil 28A,1927,5,63.6,39.27,55.13,30.22,13.52,31.16,15.51,chert,Chert,1,0,0,0,34.376,35.903,55,63,70,1,0.642276423,123,1.153636858,1.82,483.2916,2858.025,Centripetal,Levant
Ksar Akil 28A,2079,5,73.99,31.07,44.57,43.08,8.01,15.29,8.66,chert,Chert,1,0,0,0,34.376,35.903,55,63,70,1,0.642276423,123,1.660085259,1.03,132.4114,3020.456775,Centripetal,Levant
Ksar Akil 28A,2088,7,40.63,41.12,37.18,12.91,8.16,41.98,11.05,chert,Chert,1,0,0,0,34.376,35.903,55,63,70,1,0.642276423,123,1.092791824,2.88,463.879,1304.121425,Centripetal,Levant
Ksar Akil 28A,2256,5,53.62,38.74,37.13,30.19,4.49,25.09,4.72,chert,Chert,1,0,0,0,34.376,35.903,55,63,70,1,0.642276423,123,1.444115271,1.23,118.4248,1919.46195,Centripetal,Levant
Ksar Akil 28A,2502,5,53.01,18.78,24.39,10.52,7.64,15.81,6.8,chert,Chert,1,0,0,0,34.376,35.903,55,63,70,1,0.642276423,123,2.173431734,2.32,107.508,1034.7552,Centripetal,Levant
Ksar Akil 28A,2551,6,53.43,37.2,43.01,47.48,4.73,28.92,,chert,Chert,1,0,0,0,34.376,35.903,55,63,70,1,0.642276423,123,1.24226924,0.91,0,2280.12525,Centripetal,Levant
Ksar Akil 28A,2649,11,89.99,23.7,39.02,37.97,8.05,23.89,7.54,chert,Chert,1,0,0,0,34.376,35.903,55,63,70,1,0.642276423,123,2.306253203,1.03,180.1306,3143.125725,Centripetal,Levant
MDF-61,25,7,68.05,17.37,38.67,16.34,9.09,16.76,4.69,chert,Chert,1,0,0,0,18.55,45.3,80,85,90,0,0.377990431,209,1.759762089,2.37,78.6044,1889.238125,Centripetal,Arabia
MDF-61,32,6,52.44,30.02,43.01,7.63,7.19,23.44,5.49,chert,Chert,1,0,0,0,18.55,45.3,80,85,90,0,0.377990431,209,1.219251337,5.64,128.6856,1621.3137,Centripetal,Arabia
MDF-61,81,5,55.77,25.46,28.29,20.07,8.35,24.52,6.29,chert,Chert,1,0,0,0,18.55,45.3,80,85,90,0,0.377990431,209,1.971367975,1.41,154.2308,1423.668675,Centripetal,Arabia
MDF-61,164,4,59.34,38.54,40.38,34.33,7.52,35.64,8.46,chert,Chert,1,0,0,0,18.55,45.3,80,85,90,0,0.377990431,209,1.469539376,1.18,301.5144,2279.10105,Centripetal,Arabia
MDF-61,601,6,57.18,40.51,57.81,41.77,8.59,38.3,6.63,chert,Chert,1,0,0,0,18.55,45.3,80,85,90,0,0.377990431,209,0.989102231,1.38,253.929,2828.9805,Centripetal,Arabia
MDF-61,808,6,42.53,33.09,26.57,7.87,8.16,35.2,8.71,chert,Chert,1,0,0,0,18.55,45.3,80,85,90,0,0.377990431,209,1.600677456,3.38,306.592,1000.51825,Centripetal,Arabia
MDF-61,812,6,38.95,31.6,44.18,34.47,6.87,,,chert,Chert,1,0,0,0,18.55,45.3,80,85,90,0,0.377990431,209,0.881620643,1.28,0,1503.762125,Centripetal,Arabia
MDF-61,813,6,36.9,26.53,43.74,29.63,6.68,22.87,8.13,chert,Chert,1,0,0,0,18.55,45.3,80,85,90,0,0.377990431,209,0.843621399,1.48,185.9331,1325.079,Centripetal,Arabia
MDF-61,832,4,44.08,20.12,40.95,33.78,6.41,18.5,9.94,chert,Chert,1,0,0,0,18.55,45.3,80,85,90,0,0.377990431,209,1.076434676,1.21,183.89,1496.516,Centripetal,Arabia
MDF-61,833,9,75.51,46.75,45.18,45.97,9.03,37.66,11.62,chert,Chert,1,0,0,0,18.55,45.3,80,85,90,0,0.377990431,209,1.671314741,0.98,437.6092,3456.0927,Centripetal,Arabia
MDF-61,842,11,69.84,43.08,59.1,40.7,15.22,29.38,7.14,chert,Chert,1,0,0,0,18.55,45.3,80,85,90,0,0.377990431,209,1.181725888,1.45,209.7732,3526.5708,Centripetal,Arabia
MDF-61,843,6,41.93,34.21,42.1,40.37,7.03,36.28,11.15,chert,Chert,1,0,0,0,18.55,45.3,80,85,90,0,0.377990431,209,0.995961995,1.04,404.522,1664.41135,Centripetal,Arabia
MDF-61,848,7,45.88,30.57,59.04,57.26,7.75,32.12,9.38,chert,Chert,1,0,0,0,18.55,45.3,80,85,90,0,0.377990431,209,0.777100271,1.03,301.2856,2361.7877,Centripetal,Arabia
MDF-61,853,7,48.82,22.96,43.57,25.08,7.7,16.67,8.88,chert,Chert,1,0,0,0,18.55,45.3,80,85,90,0,0.377990431,209,1.120495754,1.74,148.0296,1649.8719,Centripetal,Arabia
MDF-61,856,9,47.56,20.6,43.87,47.07,8.11,19.25,8.71,chert,Chert,1,0,0,0,18.55,45.3,80,85,90,0,0.377990431,209,1.08411215,0.93,167.6675,1847.8249,Centripetal,Arabia
MDF-61,868,9,55.63,22.98,43.87,25.27,7.73,18.7,8.17,chert,Chert,1,0,0,0,18.55,45.3,80,85,90,0,0.377990431,209,1.268064737,1.74,152.779,1891.280925,Centripetal,Arabia
MDF-61,872,9,61.14,26.56,35.93,32.39,10.41,20.14,8.6,chert,Chert,1,0,0,0,18.55,45.3,80,85,90,0,0.377990431,209,1.701642082,1.11,173.204,1999.43085,Centripetal,Arabia
MDF-61,882,8,61.6,26.28,39.04,35.61,9.48,23.04,9.73,chert,Chert,1,0,0,0,18.55,45.3,80,85,90,0,0.377990431,209,1.577868852,1.1,224.1792,2155.538,Centripetal,Arabia
MDF-61,883,6,58.98,47.51,53.85,43.02,13.63,41.91,12.78,chert,Chert,1,0,0,0,18.55,45.3,80,85,90,0,0.377990431,209,1.095264624,1.25,535.6098,2922.90135,Centripetal,Arabia
MDF-61,895,6,48.48,33.99,36.35,18.28,9.45,20.52,5.45,chert,Chert,1,0,0,0,18.55,45.3,80,85,90,0,0.377990431,209,1.333700138,1.99,111.834,1514.6364,Centripetal,Arabia
MDF-61,899,7,67.18,38.84,44.84,23.91,9.12,37.57,8.1,chert,Chert,1,0,0,0,18.55,45.3,80,85,90,0,0.377990431,209,1.498215879,1.88,304.317,2560.06185,Centripetal,Arabia
MDF-61,911,4,57.54,41.43,53.87,39.57,6.99,37.73,7.19,chert,Chert,1,0,0,0,18.55,45.3,80,85,90,0,0.377990431,209,1.068126972,1.36,271.2787,2715.0249,Centripetal,Arabia
MDF-61,915,6,56.79,36.33,54.99,13.77,10.6,36.14,12.4,chert,Chert,1,0,0,0,18.55,45.3,80,85,90,0,0.377990431,209,1.032733224,3.99,448.136,2272.7358,Centripetal,Arabia
MDF-61,919,5,42.42,30.15,38.88,32.56,8.03,21.74,8.78,chert,Chert,1,0,0,0,18.55,45.3,80,85,90,0,0.377990431,209,1.091049383,1.19,190.8772,1489.68435,Centripetal,Arabia
MDF-61,923,5,53.98,39.25,50.17,36.61,11.1,35.75,11.82,quartzite,Quartzite,0,0,0,1,18.55,45.3,80,85,90,0,0.377990431,209,1.075941798,1.37,422.565,2377.819,Centripetal,Arabia
MDF-61,925,6,63.29,42.88,50.07,34.58,12.1,17.75,11.97,chert,Chert,1,0,0,0,18.55,45.3,80,85,90,0,0.377990431,209,1.264030357,1.45,212.4675,2810.076,Centripetal,Arabia
MDF-61,927,10,45.1,25.16,36.32,31.72,10.81,23.95,10.39,chert,Chert,1,0,0,0,18.55,45.3,80,85,90,0,0.377990431,209,1.241740088,1.15,248.8405,1460.338,Centripetal,Arabia
MDF-61,936,6,47.76,39.9,37.47,33.97,4.82,27.27,4.98,chert,Chert,1,0,0,0,18.55,45.3,80,85,90,0,0.377990431,209,1.274619696,1.1,135.8046,1776.7914,Centripetal,Arabia
MDF-61,940,5,39.73,32.11,38.26,31.22,7.1,21.48,5.36,chert,Chert,1,0,0,0,18.55,45.3,80,85,90,0,0.377990431,209,1.038421328,1.23,115.1328,1389.060125,Centripetal,Arabia
MDF-61,941,9,52.64,48.62,59.08,54.65,12.09,42.47,10.43,chert,Chert,1,0,0,0,18.55,45.3,80,85,90,0,0.377990431,209,0.890995261,1.08,442.9621,2914.0188,Centripetal,Arabia
MDF-61,942,5,47.74,22.15,41.79,36.15,7.81,19.53,7.76,chert,Chert,1,0,0,0,18.55,45.3,80,85,90,0,0.377990431,209,1.142378559,1.16,151.5528,1693.3378,Centripetal,Arabia
MDF-61,952,9,72.09,62.43,55.97,46.71,11.5,38.29,10.96,chert,Chert,1,0,0,0,18.55,45.3,80,85,90,0,0.377990431,209,1.288011435,1.2,419.6584,3984.4143,Centripetal,Arabia
MDF-61,955,8,54.57,47.28,47.11,47.42,9.31,38.03,12.22,chert,Chert,1,0,0,0,18.55,45.3,80,85,90,0,0.377990431,209,1.158352791,0.99,464.7266,2577.3411,Centripetal,Arabia
MDF-61,959,6,50.11,27.41,47.51,41.19,11.18,30.01,7.54,chert,Chert,1,0,0,0,18.55,45.3,80,85,90,0,0.377990431,209,1.054725321,1.15,226.2754,2049.74955,Centripetal,Arabia
MDF-61,966,5,44.56,18.75,32.53,27.93,5.67,17.15,5.22,chert,Chert,1,0,0,0,18.55,45.3,80,85,90,0,0.377990431,209,1.369812481,1.16,89.523,1244.7836,Centripetal,Arabia
MDF-61,968,7,58.61,27.86,38.68,34.7,8.23,12.62,5.79,chert,Chert,1,0,0,0,18.55,45.3,80,85,90,0,0.377990431,209,1.515253361,1.11,73.0698,2050.1778,Centripetal,Arabia
MDF-61,969,8,48.67,33.08,43.93,44.67,9.16,21.18,7.05,chert,Chert,1,0,0,0,18.55,45.3,80,85,90,0,0.377990431,209,1.10789893,0.98,149.319,2015.059675,Centripetal,Arabia
MDF-61,972,5,45.03,22.83,40.99,31.23,7.4,20.99,7.67,chert,Chert,1,0,0,0,18.55,45.3,80,85,90,0,0.377990431,209,1.098560625,1.31,160.9933,1531.4703,Centripetal,Arabia
MDF-61,976,4,49.39,45.64,53.76,49.04,13.86,37.19,11.6,chert,Chert,1,0,0,0,18.55,45.3,80,85,90,0,0.377990431,209,0.918712798,1.1,431.404,2496.6645,Centripetal,Arabia
MDF-61,984,8,53.9,26.99,41.62,15.09,13.04,25.55,11.99,chert,Chert,1,0,0,0,18.55,45.3,80,85,90,0,0.377990431,209,1.295050457,2.76,306.3445,1688.687,Centripetal,Arabia
MDF-61,986,7,55.18,30.29,43.81,43.32,8.58,21.94,5.73,chert,Chert,1,0,0,0,18.55,45.3,80,85,90,0,0.377990431,209,1.259529788,1.01,125.7162,2224.16785,Centripetal,Arabia
MDF-61,1027,5,25.07,25.18,24.48,16.76,6.99,23.25,7.24,chert,Chert,1,0,0,0,18.55,45.3,80,85,90,0,0.377990431,209,1.024101307,1.46,168.33,569.71575,Centripetal,Arabia
MDF-61,1035,7,49.59,32.53,47.12,42.68,12,33.41,13.08,chert,Chert,1,0,0,0,18.55,45.3,80,85,90,0,0.377990431,209,1.052419355,1.1,437.0028,2100.756375,Centripetal,Arabia
MDF-61,1205,6,58.14,40.92,55.68,53.06,7.15,22.97,4.48,chert,Chert,1,0,0,0,18.55,45.3,80,85,90,0,0.377990431,209,1.044181034,1.05,102.9056,2984.6169,Centripetal,Arabia
MDF-61,1207,7,62.07,44.64,51.86,57.19,11.13,29.42,6.52,chert,Chert,1,0,0,0,18.55,45.3,80,85,90,0,0.377990431,209,1.196876205,0.91,191.8184,3189.622125,Centripetal,Arabia
MDF-61,1208,6,47.54,24.98,33.4,29.7,8.08,20.73,7.94,quartzite,Quartzite,0,0,0,1,18.55,45.3,80,85,90,0,0.377990431,209,1.423353293,1.12,164.5962,1443.7898,Centripetal,Arabia
MDF-61,1211,5,58.38,31.35,41.02,31.05,8.11,25.66,8.88,chert,Chert,1,0,0,0,18.55,45.3,80,85,90,0,0.377990431,209,1.423208191,1.32,227.8608,2108.1018,Centripetal,Arabia
MDF-61,1216,6,54.38,38.93,50.45,45.63,11.59,37.44,11.42,chert,Chert,1,0,0,0,18.55,45.3,80,85,90,0,0.377990431,209,1.07789891,1.11,427.5648,2521.3287,Centripetal,Arabia
MDF-61,1219,6,55.16,35.48,39.75,32.82,8.46,34.69,8.33,chert,Chert,1,0,0,0,18.55,45.3,80,85,90,0,0.377990431,209,1.387672956,1.21,288.9677,2038.162,Centripetal,Arabia
MDF-61,1220,5,56.62,36.79,39.04,17.07,8.51,33.12,7.67,chert,Chert,1,0,0,0,18.55,45.3,80,85,90,0,0.377990431,209,1.450307377,2.29,254.0304,1867.6107,Centripetal,Arabia
MDF-61,1221,5,83.39,39.01,59.3,41.35,10.23,32.75,13.53,chert,Chert,1,0,0,0,18.55,45.3,80,85,90,0,0.377990431,209,1.40623946,1.43,443.1075,4147.8186,Centripetal,Arabia
MDF-61,1225,5,63.08,34.84,47.14,44.84,6.21,30.14,10.38,chert,Chert,1,0,0,0,18.55,45.3,80,85,90,0,0.377990431,209,1.338141706,1.05,312.8532,2743.3492,Centripetal,Arabia
MDF-61,1227,5,63.23,43.32,58.51,49.48,11.54,42.75,11.83,chert,Chert,1,0,0,0,18.55,45.3,80,85,90,0,0.377990431,209,1.080669971,1.18,505.7325,3316.72965,Centripetal,Arabia
MDF-61,1230,11,65.17,28.07,33.11,30.47,7.68,24.24,10.43,chert,Chert,1,0,0,0,18.55,45.3,80,85,90,0,0.377990431,209,1.968287526,1.09,252.8232,2032.6523,Centripetal,Arabia
MDF-61,1233,7,76.49,35.44,33.47,15.68,7.73,19.58,5.4,chert,Chert,1,0,0,0,18.55,45.3,80,85,90,0,0.377990431,209,2.285330146,2.13,105.732,2257.60235,Centripetal,Arabia
MDF-61,1236,7,64.32,34.86,41.58,33.91,6.65,31.84,8.65,chert,Chert,1,0,0,0,18.55,45.3,80,85,90,0,0.377990431,209,1.546897547,1.23,275.416,2443.0344,Centripetal,Arabia
MDF-61,1237,7,50.65,35.28,46.96,45.56,6.67,36.68,12.51,chert,Chert,1,0,0,0,18.55,45.3,80,85,90,0,0.377990431,209,1.078577513,1.03,458.8668,2212.8985,Centripetal,Arabia
MDF-61,1243,6,64.66,33.63,51.38,41.7,10.66,28.18,7.43,quartzite,Quartzite,0,0,0,1,18.55,45.3,80,85,90,0,0.377990431,209,1.258466329,1.23,209.3774,2878.82485,Centripetal,Arabia
MDF-61,1252,7,63.21,27.15,37.22,4.68,8.42,23.73,10.47,chert,Chert,1,0,0,0,18.55,45.3,80,85,90,0,0.377990431,209,1.698280494,7.95,248.4531,1679.331675,Centripetal,Arabia
MDF-61,1254,8,78.87,36.41,57.85,36.92,12.06,21.53,9.52,chert,Chert,1,0,0,0,18.55,45.3,80,85,90,0,0.377990431,209,1.3633535,1.57,204.9656,3727.199025,Centripetal,Arabia
MDF-61,1255,7,51.66,22.67,48.99,29.65,7.96,20.04,10.22,chert,Chert,1,0,0,0,18.55,45.3,80,85,90,0,0.377990431,209,1.054500919,1.65,204.8088,1941.1245,Centripetal,Arabia
MDF-61,1256,6,61.51,32.43,47.99,33.78,10.16,30.39,11.36,chert,Chert,1,0,0,0,18.55,45.3,80,85,90,0,0.377990431,209,1.281725359,1.42,345.2304,2494.076725,Centripetal,Arabia
MDF-61,1258,6,51.42,30.53,33.77,32.29,8.17,17.83,7.3,quartzite,Quartzite,0,0,0,1,18.55,45.3,80,85,90,0,0.377990431,209,1.522653243,1.05,130.159,1675.7778,Centripetal,Arabia
MDF-61,1263,9,55.75,34.95,36.26,29.4,6.69,31.07,10.81,chert,Chert,1,0,0,0,18.55,45.3,80,85,90,0,0.377990431,209,1.537506895,1.23,335.8667,1907.625625,Centripetal,Arabia
MDF-61,1267,8,58.68,35.66,47.24,38.51,7.57,32.66,9.65,chert,Chert,1,0,0,0,18.55,45.3,80,85,90,0,0.377990431,209,1.242167655,1.23,315.169,2474.0955,Centripetal,Arabia
MDF-61,1271,8,55.8,46.06,49.23,48.02,7.86,31.23,6.37,chert,Chert,1,0,0,0,18.55,45.3,80,85,90,0,0.377990431,209,1.13345521,1.03,198.9351,2685.933,Centripetal,Arabia
MDF-61,1275,7,51.51,26.66,38.54,28.65,7.77,18.09,5.44,chert,Chert,1,0,0,0,18.55,45.3,80,85,90,0,0.377990431,209,1.336533472,1.35,98.4096,1704.852225,Centripetal,Arabia
MDF-61,1568,6,31.34,25.96,32.57,32.67,7.1,18.97,4.52,chert,Chert,1,0,0,0,18.55,45.3,80,85,90,0,0.377990431,209,0.962235186,1,85.7444,969.73795,Centripetal,Arabia
MDF-61,888b,5,51.94,37.24,34.19,26.3,9.21,24.78,5.94,chert,Chert,1,0,0,0,18.55,45.3,80,85,90,0,0.377990431,209,1.519157648,1.3,147.1932,1712.9812,Centripetal,Arabia
Qafzeh XIX,2,10,44.53,15.75,22.86,12,3.37,5.74,2.53,chert,Chert,1,0,0,0,32.69957266,35.28457137,90,95,100,1,0.651685393,89,1.947944007,1.91,14.5222,817.904775,Centripetal,Levant
Qafzeh XIX,5,6,55.23,38.88,36.71,15.83,7.02,42.37,5.53,chert,Chert,1,0,0,0,32.69957266,35.28457137,90,95,100,1,0.651685393,89,1.504494688,2.32,234.3061,1769.154975,Centripetal,Levant
Qafzeh XIX,7,7,24.63,17.9,20.92,13.06,2.56,11.03,3.6,chert,Chert,1,0,0,0,32.69957266,35.28457137,90,95,100,1,0.651685393,89,1.177342256,1.6,39.708,448.266,Centripetal,Levant
Qafzeh XIX,9,3,49.53,31.04,40.39,22,11.71,50.76,7.9,chert,Chert,1,0,0,0,32.69957266,35.28457137,90,95,100,1,0.651685393,89,1.226293637,1.84,401.004,1657.02615,Centripetal,Levant
Qafzeh XIX,17,4,29.88,22.3,33.45,13.72,2.59,15.93,2.96,chert,Chert,1,0,0,0,32.69957266,35.28457137,90,95,100,1,0.651685393,89,0.893273543,2.44,47.1528,768.8124,Centripetal,Levant
Qafzeh XIX,21,6,52.11,28.22,28.86,10.68,9.51,27.28,5.57,chert,Chert,1,0,0,0,32.69957266,35.28457137,90,95,100,1,0.651685393,89,1.805613306,2.7,151.9496,1258.71705,Centripetal,Levant
Qafzeh XIX,23,7,34.28,30,40.8,14.06,9.56,15.5,2.12,chert,Chert,1,0,0,0,32.69957266,35.28457137,90,95,100,1,0.651685393,89,0.840196078,2.9,32.86,1076.9062,Centripetal,Levant
Qafzeh XIX,24,5,38.28,21.21,35.31,17.88,9.14,22.8,4.52,chert,Chert,1,0,0,0,32.69957266,35.28457137,90,95,100,1,0.651685393,89,1.08411215,1.97,103.056,1049.9247,Centripetal,Levant
Qafzeh XIX,27,4,28.07,12.94,14.4,10.81,3.27,10.98,1.58,chert,Chert,1,0,0,0,32.69957266,35.28457137,90,95,100,1,0.651685393,89,1.949305556,1.33,17.3484,368.769625,Centripetal,Levant
Qafzeh XIX,31,6,65.23,43.86,42.88,19.91,8.52,30.14,11.84,chert,Chert,1,0,0,0,32.69957266,35.28457137,90,95,100,1,0.651685393,89,1.521222015,2.15,356.8576,2438.460475,Centripetal,Levant
Qafzeh XIX,40,6,33.65,16,26.07,14.87,2.27,7.68,1.83,chert,Chert,1,0,0,0,32.69957266,35.28457137,90,95,100,1,0.651685393,89,1.290755658,1.75,14.0544,698.321625,Centripetal,Levant
Qafzeh XIX,71,6,30.04,18.17,18.97,11.26,3.41,14.57,5.18,chert,Chert,1,0,0,0,32.69957266,35.28457137,90,95,100,1,0.651685393,89,1.583552978,1.68,75.4726,505.9487,Centripetal,Levant
Qafzeh XIX,145,9,50.13,42.58,39.01,25.36,7.51,36.47,4.76,chert,Chert,1,0,0,0,32.69957266,35.28457137,90,95,100,1,0.651685393,89,1.285055114,1.54,173.5972,1829.2437,Centripetal,Levant
Qafzeh XIX,274,7,67.07,28.54,36.89,30.99,8.05,17.65,7.56,chert,Chert,1,0,0,0,32.69957266,35.28457137,90,95,100,1,0.651685393,89,1.818107888,1.19,133.434,2235.275425,Centripetal,Levant
Qafzeh XIX,277,8,35.2,25.08,27.27,25,6.31,24,5.96,chert,Chert,1,0,0,0,32.69957266,35.28457137,90,95,100,1,0.651685393,89,1.290795746,1.09,143.04,920.656,Centripetal,Levant
Qafzeh XIX,325,5,47.16,17.35,19.53,7.17,4.41,10.3,3.19,chert,Chert,1,0,0,0,32.69957266,35.28457137,90,95,100,1,0.651685393,89,2.414746544,2.72,32.857,749.6082,Centripetal,Levant
Qafzeh XIX,360,6,43.93,26.54,29.65,18.17,8.07,20.69,5.35,chert,Chert,1,0,0,0,32.69957266,35.28457137,90,95,100,1,0.651685393,89,1.481618887,1.63,110.6915,1142.289825,Centripetal,Levant
Qafzeh XIX,404,3,27.32,33.93,38.23,31.3,8.71,38.02,8,chert,Chert,1,0,0,0,32.69957266,35.28457137,90,95,100,1,0.651685393,89,0.714622025,1.22,304.16,967.7427,Centripetal,Levant
Qafzeh XIX,410,3,71.22,32.32,49.1,13,10.75,20.84,11.92,chert,Chert,1,0,0,0,32.69957266,35.28457137,90,95,100,1,0.651685393,89,1.450509165,3.78,248.4128,2555.3736,Centripetal,Levant
Qafzeh XIX,446,8,66.23,30.97,37.39,13.04,6.65,18.14,7.14,chert,Chert,1,0,0,0,32.69957266,35.28457137,90,95,100,1,0.651685393,89,1.771329232,2.87,129.5196,1966.865425,Centripetal,Levant
Qafzeh XIX,449,13,80.35,50.06,44.97,27,10.48,31.53,4.67,chert,Chert,1,0,0,0,32.69957266,35.28457137,90,95,100,1,0.651685393,89,1.78674672,1.67,147.2451,3354.6125,Centripetal,Levant
Qafzeh XIX,501,9,38.04,33.97,39.38,8.74,5.68,31.13,6.69,chert,Chert,1,0,0,0,32.69957266,35.28457137,90,95,100,1,0.651685393,89,0.965972575,4.51,208.2597,1155.1797,Centripetal,Levant
Qafzeh XIX,616,4,54.48,30.01,35.1,19.65,6.72,16.13,4.63,chert,Chert,1,0,0,0,32.69957266,35.28457137,90,95,100,1,0.651685393,89,1.552136752,1.79,74.6819,1632.4932,Centripetal,Levant
Qafzeh XIX,739,5,36.9,44.38,30.26,12.62,4.79,20.88,4.84,chert,Chert,1,0,0,0,32.69957266,35.28457137,90,95,100,1,0.651685393,89,1.219431593,2.4,101.0592,1084.122,Centripetal,Levant
Qafzeh XIX,744,8,46.15,35.05,25.93,21,4.34,34.65,8.78,chert,Chert,1,0,0,0,32.69957266,35.28457137,90,95,100,1,0.651685393,89,1.779791747,1.23,304.227,1245.011625,Centripetal,Levant
Qafzeh XIX,755,7,31.02,18.17,32.76,21.33,6.94,4.61,2.39,chert,Chert,1,0,0,0,32.69957266,35.28457137,90,95,100,1,0.651685393,89,0.946886447,1.54,11.0179,814.4301,Centripetal,Levant
Qafzeh XIX,779,7,59.48,26.83,18.23,17,5.62,13.5,2.79,chert,Chert,1,0,0,0,32.69957266,35.28457137,90,95,100,1,0.651685393,89,3.262753703,1.07,37.665,1193.9123,Centripetal,Levant
Qafzeh XIX,2252,4,26.28,13.23,18.69,8.51,2.01,6.89,1.09,chert,Chert,1,0,0,0,32.69957266,35.28457137,90,95,100,1,0.651685393,89,1.406099518,2.2,7.5101,388.4184,Centripetal,Levant
Qafzeh XIX,,6,26.88,15.41,14.93,10.45,2.52,13.14,4.8,chert,Chert,1,0,0,0,32.69957266,35.28457137,90,95,100,1,0.651685393,89,1.800401875,1.43,63.072,374.4384,Centripetal,Levant
Tor Faraj,260,5,30.23,22.86,34.68,30.51,6.32,21.7,4.24,chert,Chert,1,0,0,0,29.93739638,35.32052947,55,60,65,1,0.824175824,182,0.871683968,1.14,92.008,927.531975,Centripetal,Levant
Tor Faraj,261,7,42.3,21.44,22.43,11.47,5.17,21.47,5.48,chert,Chert,1,0,0,0,29.93739638,35.32052947,55,60,65,1,0.824175824,182,1.885867142,1.96,117.6556,822.41775,Centripetal,Levant
Tor Faraj,277,6,41.83,25.81,36.99,28.78,7.65,27.43,7.98,chert,Chert,1,0,0,0,29.93739638,35.32052947,55,60,65,1,0.824175824,182,1.130846175,1.29,218.8914,1344.520775,Centripetal,Levant
Tor Faraj,279,3,46.19,34.58,29.76,21.14,9.51,38.12,3.77,chert,Chert,1,0,0,0,29.93739638,35.32052947,55,60,65,1,0.824175824,182,1.552083333,1.41,143.7124,1330.7339,Centripetal,Levant
Wusta,51,7,43.67,17.38,34.62,22.57,9.04,10.32,2.95,ferruginous quartzite,Quartzite,0,0,0,1,27.418,39.397,85,90,95,0,0.221052632,95,1.26140959,1.53,30.444,1192.081825,Centripetal,Arabia
Wusta,71,8,41.39,24.73,26.23,17.56,5.18,19.22,3.65,chert,Chert,1,0,0,0,27.418,39.397,85,90,95,0,0.221052632,95,1.577964163,1.49,70.153,980.425625,Centripetal,Arabia
Wusta,91,6,38.12,29.25,32.79,28.85,11.7,11.09,4.45,ferruginous quartzite,Quartzite,0,0,0,1,27.418,39.397,85,90,95,0,0.221052632,95,1.162549558,1.14,49.3505,1178.6704,Centripetal,Arabia
Wusta,106,5,28.1,18.31,17.64,11.34,4.3,15.48,4.51,quartzite,Quartzite,0,0,0,1,27.418,39.397,85,90,95,0,0.221052632,95,1.592970522,1.56,69.8148,456.13325,Centripetal,Arabia
Wusta,181,7,56.99,19.26,32.2,20.48,7.85,9.08,3.24,ferruginous quartzite,Quartzite,0,0,0,1,27.418,39.397,85,90,95,0,0.221052632,95,1.769875776,1.57,29.4192,1483.73465,Centripetal,Arabia
Wusta,200,6,46.22,24.16,35.42,11.3,11.83,32.77,12.37,chert,Chert,1,0,0,0,27.418,39.397,85,90,95,0,0.221052632,95,1.304912479,3.13,405.3649,1228.2965,Centripetal,Arabia
Wusta,202,6,32.75,12.73,18.79,14.39,3.45,4.14,1.34,chert,Chert,1,0,0,0,27.418,39.397,85,90,95,0,0.221052632,95,1.742948377,1.31,5.5476,529.73125,Centripetal,Arabia
Wusta,216,5,25.2,15.96,25.25,32.81,7.95,12.16,5.15,chert,Chert,1,0,0,0,27.418,39.397,85,90,95,0,0.221052632,95,0.998019802,0.77,62.624,625.401,Centripetal,Arabia
Wusta,232,6,35.1,9.66,20.01,16.51,5.13,8.77,4.77,chert,Chert,1,0,0,0,27.418,39.397,85,90,95,0,0.221052632,95,1.754122939,1.21,41.8329,580.81725,Centripetal,Arabia
Wusta,236,6,35.11,25.34,30.09,23.12,9.88,24.62,12.35,chert,Chert,1,0,0,0,27.418,39.397,85,90,95,0,0.221052632,95,1.166832835,1.3,304.057,953.5876,Centripetal,Arabia
Wusta,236,6,21.63,18.44,20.35,17.1,7.74,11.22,3.65,ferruginous quartzite,Quartzite,0,0,0,1,27.418,39.397,85,90,95,0,0.221052632,95,1.062899263,1.19,40.953,412.2678,Centripetal,Arabia
Wusta,258,7,21.41,15.43,17.57,12.14,6.47,14.87,6.17,chert,Chert,1,0,0,0,27.418,39.397,85,90,95,0,0.221052632,95,1.218554354,1.45,91.7479,335.655275,Centripetal,Arabia
Wusta,261,5,28.32,16.95,18.85,13.39,4.83,14.52,3.36,chert,Chert,1,0,0,0,27.418,39.397,85,90,95,0,0.221052632,95,1.502387268,1.41,48.7872,481.7232,Centripetal,Arabia
Wusta,272,8,36.38,28.03,37.6,27.44,12.32,18.94,6.15,ferruginous quartzite,Quartzite,0,0,0,1,27.418,39.397,85,90,95,0,0.221052632,95,0.967553191,1.37,116.481,1188.44365,Centripetal,Arabia
Wusta,304,4,23.75,14.45,20.33,19.59,5.24,9.12,3.36,ferruginous quartzite,Quartzite,0,0,0,1,27.418,39.397,85,90,95,0,0.221052632,95,1.168224299,1.04,30.6432,443.53125,Centripetal,Arabia
Wusta,313,4,25.44,20.49,20.69,14.06,4.78,19.6,7.6,chert,Chert,1,0,0,0,27.418,39.397,85,90,95,0,0.221052632,95,1.229579507,1.47,148.96,482.9148,Centripetal,Arabia
Wusta,324,7,27.32,9.97,15.47,15.11,4.92,6.58,1.42,chert,Chert,1,0,0,0,27.418,39.397,85,90,95,0,0.221052632,95,1.765998707,1.02,9.3436,382.6166,Centripetal,Arabia
Wusta,359,7,19.21,11.15,19.12,16.82,6.28,6.87,3.29,chert,Chert,1,0,0,0,27.418,39.397,85,90,95,0,0.221052632,95,1.004707113,1.14,22.6023,317.973525,Centripetal,Arabia
Wusta,360,4,23.09,13.68,22.36,27.2,10.79,8.92,3.26,chert,Chert,1,0,0,0,27.418,39.397,85,90,95,0,0.221052632,95,1.032647585,0.82,29.0792,494.126,Centripetal,Arabia
Wusta,378,4,22.67,14.23,17.39,13.79,5.94,7.39,3.02,chert,Chert,1,0,0,0,27.418,39.397,85,90,95,0,0.221052632,95,1.303622772,1.26,22.3178,355.919,Centripetal,Arabia
Wusta,392,9,24.01,26.03,28.6,33.06,8.37,23.79,10.11,ferruginous quartzite,Quartzite,0,0,0,1,27.418,39.397,85,90,95,0,0.221052632,95,0.83951049,0.87,240.5169,698.030725,Centripetal,Arabia
Wusta,709,5,15.3,8.74,11.47,9.17,2.84,8.52,1.82,chert,Chert,1,0,0,0,27.418,39.397,85,90,95,0,0.221052632,95,1.33391456,1.25,15.5064,156.25125,Centripetal,Arabia
Wusta,715,6,22.24,9.33,16.24,13.8,5.55,9.69,5.45,quartzite,Quartzite,0,0,0,1,27.418,39.397,85,90,95,0,0.221052632,95,1.369458128,1.18,52.8105,309.1916,Centripetal,Arabia
Wusta,716,6,50.66,28.97,26.73,20.26,8.12,29.58,9.16,ferruginous quartzite,Quartzite,0,0,0,1,27.418,39.397,85,90,95,0,0.221052632,95,1.895248784,1.32,270.9528,1300.56885,Centripetal,Arabia
Wusta,x,4,66.3,22.43,34.52,22.88,7.91,9.85,3.59,quartzite,Quartzite,0,0,0,1,27.418,39.397,85,90,95,0,0.221052632,95,1.920625724,1.51,35.3615,1895.35125,Centripetal,Arabia
Wusta,xx11,8,25.09,20.7,25.8,32.68,6.46,9.03,2.33,chert,Chert,1,0,0,0,27.418,39.397,85,90,95,0,0.221052632,95,0.97248062,0.79,21.0399,658.48705,Centripetal,Arabia
Wusta,xx21,9,55.45,23.18,28.68,16.28,6.24,19.85,7.66,quartzite,Quartzite,0,0,0,1,27.418,39.397,85,90,95,0,0.221052632,95,1.933403068,1.76,152.051,1342.16725,Centripetal,Arabia
A5,4296,5,35.58,32.45,27.9,12.18,6.18,32.52,11.67,fine igneous,Igneous,0,1,0,0,10.41667,40.51667,70,75,80,0,0.4,40,1.275268817,2.29,379.5084,893.32485,Other,Africa
ALM-3,130,5,71.77,41.15,45.11,6.18,14.1,30.61,8.69,ferruginous quartzite,Quartzite,0,0,0,1,27.73277778,40.48472222,50,54,58,0,0,24,1.590999778,7.3,266.0009,2467.990875,Other,Arabia
BNS,122,9,46.72,24.76,21.22,3.3,5.42,26.57,6.83,ccs,Other,0,0,1,0,4.8003,35.9666,104,105,106,0,0.204081633,49,2.201696513,6.43,181.4731,823.44,Other,Africa
BNS,432,6,26.22,26.91,27.72,9.62,7.6,28.55,6.73,chert,Chert,1,0,0,0,4.8003,35.9666,104,105,106,0,0.204081633,49,0.945887446,2.88,192.1415,602.86335,Other,Africa
BNS,1015,8,37.83,11.9,24.78,23.05,6.07,9.2,4.78,chert,Chert,1,0,0,0,4.8003,35.9666,104,105,106,0,0.204081633,49,1.526634383,1.08,43.976,799.253325,Other,Africa
JKF-1,847,6,66.57,44.43,36.48,3.83,8.53,45.46,11.32,ferruginous quartzite,Quartzite,0,0,0,1,27.9218,40.80503,50,55,60,0,0.116071429,112,1.824835526,9.52,514.6072,2017.40385,Other,Arabia
Kebara X,171,5,43.86,12.15,22.02,5,4.66,7.15,2.38,chert,Chert,1,0,0,0,34.93,32.56,60,63,65,1,0.269662921,534,1.991825613,4.4,17.017,670.94835,Other,Levant
Kebara X,196,3,40.05,35.32,31.13,2.1,4.09,35.25,7.96,chert,Chert,1,0,0,0,34.93,32.56,60,63,65,1,0.269662921,534,1.286540315,14.82,280.59,998.046,Other,Levant
Kebara X,248,4,61.13,39.9,56.81,15.2,11.52,18.08,4.58,chert,Chert,1,0,0,0,34.93,32.56,60,63,65,1,0.269662921,534,1.07604295,3.74,82.8064,2578.4634,Other,Levant
Kebara X,260,5,30.56,17.2,30.9,1.3,7.04,15.99,4.52,chert,Chert,1,0,0,0,34.93,32.56,60,63,65,1,0.269662921,534,0.988996764,23.77,72.2748,613.492,Other,Levant
Kebara X,321,3,41.29,31.77,29.41,12.1,9.59,,4.77,chert,Chert,1,0,0,0,34.93,32.56,60,63,65,1,0.269662921,534,1.403944237,2.43,0,1060.017525,Other,Levant
Kebara X,351,5,55.49,11.39,21.53,8.67,5.69,7.6,3.18,chert,Chert,1,0,0,0,34.93,32.56,60,63,65,1,0.269662921,534,2.577333953,2.48,24.168,875.6322,Other,Levant
Kebara X,460,5,59.17,23.97,27.65,7.8,8.45,22.53,6.12,chert,Chert,1,0,0,0,34.93,32.56,60,63,65,1,0.269662921,534,2.139963834,3.54,137.8836,1287.982975,Other,Levant
Kebara X,464,4,34.16,30.23,27.99,2.4,5.62,29.74,6.4,chert,Chert,1,0,0,0,34.93,32.56,60,63,65,1,0.269662921,534,1.22043587,11.66,190.336,756.7294,Other,Levant
Kebara X,513,4,47.88,28.42,23.64,4.7,4.14,23.44,3.27,chert,Chert,1,0,0,0,34.93,32.56,60,63,65,1,0.269662921,534,2.025380711,5.03,76.6488,962.388,Other,Levant
Ksar Akil 28A,1535,5,43.45,38.26,30.94,3.96,6.5,32.07,5.7,chert,Chert,1,0,0,0,34.376,35.903,55,63,70,1,0.642276423,123,1.404330963,7.81,182.799,1130.78625,Other,Levant
Ksar Akil 28A,2036,3,36.63,33.94,31.84,10.46,11.02,33.7,10.93,chert,Chert,1,0,0,0,34.376,35.903,55,63,70,1,0.642276423,123,1.150439698,3.04,368.341,989.7426,Other,Levant
Ksar Akil 28A,2066,7,65.62,35.18,34.47,23.01,8.97,34.1,9.73,chert,Chert,1,0,0,0,34.376,35.903,55,63,70,1,0.642276423,123,1.903684363,1.5,331.793,2085.56765,Other,Levant
Ksar Akil 28A,2217,5,60.53,49.86,44.26,6.04,8.25,49.8,4.41,chert,Chert,1,0,0,0,34.376,35.903,55,63,70,1,0.642276423,123,1.367600542,7.33,219.618,2185.43565,Other,Levant
Ksar Akil 28A,2282,3,46.4,32.29,35.99,30.95,9.48,31.18,9.42,chert,Chert,1,0,0,0,34.376,35.903,55,63,70,1,0.642276423,123,1.289247013,1.16,293.7156,1568.552,Other,Levant
Ksar Akil 28A,2542,6,62.49,32.48,37.91,22.05,6.36,29.64,8.13,chert,Chert,1,0,0,0,34.376,35.903,55,63,70,1,0.642276423,123,1.648377737,1.72,240.9732,2036.392875,Other,Levant
MDF-61,92,5,47.53,26.31,31.55,28.19,6.11,25.84,9.01,chert,Chert,1,0,0,0,18.55,45.3,80,85,90,0,0.377990431,209,1.506497623,1.12,232.8184,1397.382,Other,Arabia
MDF-61,1231,5,58.18,31.97,43.07,22.73,10.63,20.24,9.25,chert,Chert,1,0,0,0,18.55,45.3,80,85,90,0,0.377990431,209,1.35082424,1.89,187.22,2048.5178,Other,Arabia
Qafzeh XIX,1,5,33.39,22.19,26.76,11.87,5.66,20.6,1.95,chert,Chert,1,0,0,0,32.69957266,35.28457137,90,95,100,1,0.651685393,89,1.247757848,2.25,40.17,731.07405,Other,Levant
Qafzeh XIX,4,5,65.73,25.81,30.43,10.71,8.9,27.86,3.66,chert,Chert,1,0,0,0,32.69957266,35.28457137,90,95,100,1,0.651685393,89,2.160039435,2.84,101.9676,1600.19685,Other,Levant
Qafzeh XIX,16,4,30.87,25.93,20.77,7,2.03,13.92,3.37,chert,Chert,1,0,0,0,32.69957266,35.28457137,90,95,100,1,0.651685393,89,1.486278286,2.97,46.9104,574.722225,Other,Levant
Qafzeh XIX,32,3,28.79,14.4,23.03,14.75,5.49,11.24,4.81,chert,Chert,1,0,0,0,32.69957266,35.28457137,90,95,100,1,0.651685393,89,1.250108554,1.56,54.0644,541.323975,Other,Levant
Qafzeh XIX,44,4,38.88,16.78,31.32,6.3,5.12,13.02,2.41,chert,Chert,1,0,0,0,32.69957266,35.28457137,90,95,100,1,0.651685393,89,1.24137931,4.97,31.3782,833.1984,Other,Levant
Qafzeh XIX,79,3,40.23,17.87,23.54,15,5.91,8.11,4.56,chert,Chert,1,0,0,0,32.69957266,35.28457137,90,95,100,1,0.651685393,89,1.709005947,1.57,36.9816,804.097125,Other,Levant
Qafzeh XIX,111,5,73.56,24.36,26.28,16,7.27,16.77,4.61,chert,Chert,1,0,0,0,32.69957266,35.28457137,90,95,100,1,0.651685393,89,2.799086758,1.64,77.3097,1708.7988,Other,Levant
Qafzeh XIX,358,5,38.31,24.88,18.79,13,3.23,13.97,5.09,chert,Chert,1,0,0,0,32.69957266,35.28457137,90,95,100,1,0.651685393,89,2.038850452,1.45,71.1073,722.71815,Other,Levant
Qafzeh XIX,372,6,29.96,19.99,25.23,,5.39,19.64,6.58,chert,Chert,1,0,0,0,32.69957266,35.28457137,90,95,100,1,0.651685393,89,1.187475228,,129.2312,527.6705,Other,Levant
Qafzeh XIX,522,9,36.79,25.98,27.04,7.99,6.62,9.99,3.53,chert,Chert,1,0,0,0,32.69957266,35.28457137,90,95,100,1,0.651685393,89,1.360576923,3.38,35.2647,809.839875,Other,Levant
Qafzeh XIX,619,5,42.93,42.43,58.82,38,11.19,41.82,3.91,chert,Chert,1,0,0,0,32.69957266,35.28457137,90,95,100,1,0.651685393,89,0.729853791,1.55,163.5162,2125.786275,Other,Levant
Qafzeh XIX,730,4,22.6,21.77,26.37,23.24,6.03,20.93,5.65,chert,Chert,1,0,0,0,32.69957266,35.28457137,90,95,100,1,0.651685393,89,0.857034509,1.13,118.2545,552.2875,Other,Levant
Qafzeh XIX,735,5,43.46,22.18,28.71,8.91,2.94,20.49,3.77,chert,Chert,1,0,0,0,32.69957266,35.28457137,90,95,100,1,0.651685393,89,1.513758272,3.22,77.2473,961.66115,Other,Levant
Qafzeh XIX,2525,3,20.43,40.7,40.87,27,8.43,39.32,4.67,chert,Chert,1,0,0,0,32.69957266,35.28457137,90,95,100,1,0.651685393,89,0.499877661,1.51,183.6244,763.2648,Other,Levant
Qafzeh XIX,2567,5,29.75,19.64,28.88,10.39,4.21,14.71,2.17,chert,Chert,1,0,0,0,32.69957266,35.28457137,90,95,100,1,0.651685393,89,1.030124654,2.78,31.9207,652.938125,Other,Levant
1017,15,6,76.95,32.9,34.71,14.28,8.2,31.5,9.27,fine igneous,Igneous,0,1,0,0,21.4736,31.04935,65,68,70,0,0.51627907,215,2.216940363,2.43,292.005,2243.0925,Unidirectional,Africa
A5,3835,5,32.65,28.49,22.68,5.2,7.16,30.04,7.41,basalt,Igneous,0,1,0,0,10.41667,40.51667,70,75,80,0,0.4,40,1.439594356,4.36,222.5964,645.245625,Unidirectional,Africa
ALM-3,142,3,53.65,37.65,46.99,34.46,11.49,40.26,12.18,ferruginous quartzite,Quartzite,0,0,0,1,27.73277778,40.48472222,50,54,58,0,0,24,1.141732283,1.36,490.3668,2227.682125,Unidirectional,Arabia
BNS,907,8,44.94,15.33,22.78,15.53,7.06,15.15,6.75,ccs,Other,0,0,1,0,4.8003,35.9666,104,105,106,0,0.204081633,49,1.972783143,1.47,102.2625,858.5787,Unidirectional,Africa
JKF-1,71,4,55.95,28.84,42.26,26.42,10.87,26.25,10.09,ferruginous quartzite,Quartzite,0,0,0,1,27.9218,40.80503,50,55,60,0,0.116071429,112,1.323946995,1.6,264.8625,1955.17275,Unidirectional,Arabia
JKF-1,142,4,49.95,28.22,26.02,8.86,8.11,25.98,10.62,ferruginous quartzite,Quartzite,0,0,0,1,27.9218,40.80503,50,55,60,0,0.116071429,112,1.919677171,2.94,275.9076,1112.886,Unidirectional,Arabia
JKF-1,352,5,76.99,57.74,44.22,5.55,9.73,56.41,17.34,ferruginous quartzite,Quartzite,0,0,0,1,27.9218,40.80503,50,55,60,0,0.116071429,112,1.74106739,7.97,978.1494,2920.423175,Unidirectional,Arabia
JKF-1,571,6,40.14,22.72,27.12,15.63,6.92,19.19,6.76,ferruginous quartzite,Quartzite,0,0,0,1,27.9218,40.80503,50,55,60,0,0.116071429,112,1.480088496,1.74,129.7244,929.14065,Unidirectional,Arabia
JKF-1,811,6,47.01,26.96,34.08,19.33,9.55,27.5,8.89,ferruginous quartzite,Quartzite,0,0,0,1,27.9218,40.80503,50,55,60,0,0.116071429,112,1.379401408,1.76,244.475,1345.073625,Unidirectional,Arabia
JKF-1,S36,5,26.81,17.08,18.49,13.74,5.08,13.3,5.05,quartz,Other,0,0,1,0,27.9218,40.80503,50,55,60,0,0.116071429,112,1.449972958,1.35,67.165,454.4295,Unidirectional,Arabia
JSM-1,780,3,35.47,21.97,23.8,20.06,4.62,17.71,6.98,argilaceous quartzite,Quartzite,0,0,0,1,27.97692724,40.92311408,66,75,84,0,0.109589041,73,1.490336134,1.19,123.6158,794.794025,Unidirectional,Arabia
Kebara X,31,4,36.7,40.4,31.62,29.22,6.21,36.04,2.69,chert,Chert,1,0,0,0,34.93,32.56,60,63,65,1,0.269662921,534,1.160657812,1.08,96.9476,1218.9905,Unidirectional,Levant
Kebara X,75,4,37.7,15.61,18.76,2.3,2.8,13.68,3.31,chert,Chert,1,0,0,0,34.93,32.56,60,63,65,1,0.269662921,534,2.009594883,8.16,45.2808,522.42775,Unidirectional,Levant
Kebara X,131,6,32.59,38.71,41.9,1.4,5.47,38.37,6.11,chert,Chert,1,0,0,0,34.93,32.56,60,63,65,1,0.269662921,534,0.777804296,29.93,234.4407,1009.556725,Unidirectional,Levant
Kebara X,151,4,35.94,19.17,27.03,7.9,3.55,17.52,4.44,chert,Chert,1,0,0,0,34.93,32.56,60,63,65,1,0.269662921,534,1.32963374,3.42,77.7888,728.95305,Unidirectional,Levant
Kebara X,154,3,44.75,22.12,25.22,11.07,7.2,18.12,4.76,chert,Chert,1,0,0,0,34.93,32.56,60,63,65,1,0.269662921,534,1.774385408,2.28,86.2512,935.610625,Unidirectional,Levant
Kebara X,180,3,47.1,38.99,30.78,3.2,7.19,39.04,7.11,chert,Chert,1,0,0,0,34.93,32.56,60,63,65,1,0.269662921,534,1.530214425,9.62,277.5744,1221.65625,Unidirectional,Levant
Kebara X,194,3,42.25,34.48,26.67,21.87,5.43,32.66,7.2,chert,Chert,1,0,0,0,34.93,32.56,60,63,65,1,0.269662921,534,1.584176978,1.22,235.152,1158.600625,Unidirectional,Levant
Kebara X,196,9,55.29,40.79,24.55,2.56,5.22,36.16,6.68,chert,Chert,1,0,0,0,34.93,32.56,60,63,65,1,0.269662921,534,2.252138493,9.59,241.5488,1277.890125,Unidirectional,Levant
Kebara X,200,2,32.46,19,21.88,5.2,4.62,19.29,6.45,chert,Chert,1,0,0,0,34.93,32.56,60,63,65,1,0.269662921,534,1.483546618,4.21,124.4205,551.4954,Unidirectional,Levant
Kebara X,210,2,61.32,37.91,28,2.4,8.05,26.54,3.52,chert,Chert,1,0,0,0,34.93,32.56,60,63,65,1,0.269662921,534,2.19,11.67,93.4208,1476.4323,Unidirectional,Levant
Kebara X,213,4,62.12,30.47,32.6,3.7,5.23,30.25,4.73,chert,Chert,1,0,0,0,34.93,32.56,60,63,65,1,0.269662921,534,1.905521472,8.81,143.0825,1543.2161,Unidirectional,Levant
Kebara X,225,4,36.28,21.17,21.42,2.7,5.45,15.38,3.71,chert,Chert,1,0,0,0,34.93,32.56,60,63,65,1,0.269662921,534,1.693744164,7.93,57.0598,605.0597,Unidirectional,Levant
Kebara X,239,4,69.15,28.59,32.61,25.1,7.21,16.62,5.18,chert,Chert,1,0,0,0,34.93,32.56,60,63,65,1,0.269662921,534,2.120515179,1.3,86.0916,2055.656625,Unidirectional,Levant
Kebara X,253,4,86.22,29.66,27.73,1.9,7.78,26.03,5.95,chert,Chert,1,0,0,0,34.93,32.56,60,63,65,1,0.269662921,534,3.109267941,14.59,154.8785,1875.7161,Unidirectional,Levant
Kebara X,253,3,35.98,29.28,26.01,17.67,3.65,27.75,3.37,chert,Chert,1,0,0,0,34.93,32.56,60,63,65,1,0.269662921,534,1.38331411,1.47,93.5175,890.23515,Unidirectional,Levant
Kebara X,261,5,54.26,17.02,14.82,4.7,4.88,14.95,2.73,chert,Chert,1,0,0,0,34.93,32.56,60,63,65,1,0.269662921,534,3.661268556,3.15,40.8135,696.6984,Unidirectional,Levant
Kebara X,273,3,48.47,27.55,26.29,4.6,4.82,25.67,6.12,chert,Chert,1,0,0,0,34.93,32.56,60,63,65,1,0.269662921,534,1.843666793,5.72,157.1004,1026.715775,Unidirectional,Levant
Kebara X,287,5,58.95,36.3,34.46,3.6,9.74,26.7,7.29,chert,Chert,1,0,0,0,34.93,32.56,60,63,65,1,0.269662921,534,1.710679048,9.57,194.643,1603.73475,Unidirectional,Levant
Kebara X,300,4,43.85,37.41,36.12,16.6,5.49,36.47,7.02,chert,Chert,1,0,0,0,34.93,32.56,60,63,65,1,0.269662921,534,1.214008859,2.18,256.0194,1384.015625,Unidirectional,Levant
Kebara X,324,4,39.72,34.3,29.11,2.8,4.27,34.41,8.35,chert,Chert,1,0,0,0,34.93,32.56,60,63,65,1,0.269662921,534,1.36447956,10.4,287.3235,946.5276,Unidirectional,Levant
Kebara X,459,3,54.94,21.14,15.21,1.7,3.69,16.89,4.71,chert,Chert,1,0,0,0,34.93,32.56,60,63,65,1,0.269662921,534,3.612097304,8.95,79.5519,731.5261,Unidirectional,Levant
Kebara X,468,3,50.49,23.84,18.78,4.5,3.32,19.87,3.66,chert,Chert,1,0,0,0,34.93,32.56,60,63,65,1,0.269662921,534,2.688498403,4.17,72.7242,831.82275,Unidirectional,Levant
Kebara X,497,4,79.71,22.66,30.16,8,5.62,18.38,2.73,chert,Chert,1,0,0,0,34.93,32.56,60,63,65,1,0.269662921,534,2.642904509,3.77,50.1774,1813.00395,Unidirectional,Levant
Kebara X,502,3,89.18,32.45,37.33,3.5,9.03,30.11,5.19,chert,Chert,1,0,0,0,34.93,32.56,60,63,65,1,0.269662921,534,2.3889633,10.67,156.2709,2466.04995,Unidirectional,Levant
Kebara X,935,4,60.3,36.13,29.63,4,5.39,34.61,4.29,chert,Chert,1,0,0,0,34.93,32.56,60,63,65,1,0.269662921,534,2.035099561,7.41,148.4769,1498.30425,Unidirectional,Levant
Ksar Akil 28A,2021,6,68.68,44.56,50.54,8.73,9.11,44.49,10.49,chert,Chert,1,0,0,0,34.376,35.903,55,63,70,1,0.642276423,123,1.358923625,5.79,466.7001,2650.5329,Unidirectional,Levant
Ksar Akil 28A,2158,3,47.36,21.46,21.5,11.79,4.3,19.24,3.69,chert,Chert,1,0,0,0,34.376,35.903,55,63,70,1,0.642276423,123,2.202790698,1.82,70.9956,902.8,Unidirectional,Levant
Ksar Akil 28A,2201,3,59.33,47.69,49.15,31.93,10.16,42.71,15.56,chert,Chert,1,0,0,0,34.376,35.903,55,63,70,1,0.642276423,123,1.207121058,1.54,664.5676,2638.9984,Unidirectional,Levant
Ksar Akil 28A,2257,3,56.05,41.19,40.59,36.15,5.02,40.35,6.98,chert,Chert,1,0,0,0,34.376,35.903,55,63,70,1,0.642276423,123,1.380881991,1.12,281.643,2221.2615,Unidirectional,Levant
Ksar Akil 28A,2321,7,57.33,13.54,33.42,8.4,6.36,7.02,2.95,chert,Chert,1,0,0,0,34.376,35.903,55,63,70,1,0.642276423,123,1.715439856,3.98,20.709,1272.43935,Unidirectional,Levant
Ksar Akil 28A,2525,3,51.66,39.82,40.51,31.75,7.63,38.68,11.1,chert,Chert,1,0,0,0,34.376,35.903,55,63,70,1,0.642276423,123,1.275240681,1.28,429.348,1970.69985,Unidirectional,Levant
Ksar Akil 28A,2806,3,56.01,34.4,41.47,39.81,8.71,34.78,8.72,chert,Chert,1,0,0,0,34.376,35.903,55,63,70,1,0.642276423,123,1.350614902,1.04,303.2816,2200.492875,Unidirectional,Levant
MDF-61,815,6,50.17,46.06,38.19,30.99,10.91,39.13,8.98,chert,Chert,1,0,0,0,18.55,45.3,80,85,90,0,0.377990431,209,1.313694684,1.23,351.3874,1924.395775,Unidirectional,Arabia
MDF-61,928,3,57.18,42.44,49.17,38.78,10.24,24.48,5.57,chert,Chert,1,0,0,0,18.55,45.3,80,85,90,0,0.377990431,209,1.16290421,1.27,136.3536,2566.8102,Unidirectional,Arabia
MDF-61,985,4,53.31,37.56,34.27,11.32,10.29,30.37,12.83,chert,Chert,1,0,0,0,18.55,45.3,80,85,90,0,0.377990431,209,1.555587978,3.03,389.6471,1564.91505,Unidirectional,Arabia
MDF-61,1009,2,24.7,22.51,28.17,23.3,6.9,21.93,10.47,chert,Chert,1,0,0,0,18.55,45.3,80,85,90,0,0.377990431,209,0.876819311,1.21,229.6071,630.77625,Unidirectional,Arabia
MDF-61,1232,6,60.77,43.25,37.61,8.56,8.66,31.11,9.54,chert,Chert,1,0,0,0,18.55,45.3,80,85,90,0,0.377990431,209,1.615793672,4.39,296.7894,1929.903275,Unidirectional,Arabia
Qafzeh XIX,24,4,30.24,29.78,30.51,23.35,5.58,28.07,3.77,chert,Chert,1,0,0,0,32.69957266,35.28457137,90,95,100,1,0.651685393,89,0.991150442,1.31,105.8239,862.974,Unidirectional,Levant
Qafzeh XIX,32,7,19.4,23.44,20.44,15,4.18,22.05,5.55,chert,Chert,1,0,0,0,32.69957266,35.28457137,90,95,100,1,0.651685393,89,0.949119374,1.36,122.3775,384.702,Unidirectional,Levant
Qafzeh XIX,33,5,31.2,18.28,21.44,6,3.6,13.36,3,chert,Chert,1,0,0,0,32.69957266,35.28457137,90,95,100,1,0.651685393,89,1.455223881,3.57,40.08,523.848,Unidirectional,Levant
Qafzeh XIX,45,4,30.18,14.44,17.08,18.82,2.31,7.97,2.3,chert,Chert,1,0,0,0,32.69957266,35.28457137,90,95,100,1,0.651685393,89,1.766978923,0.91,18.331,508.6839,Unidirectional,Levant
Qafzeh XIX,73,5,35.65,15.23,12.24,10.52,5.19,4.91,1.87,chert,Chert,1,0,0,0,32.69957266,35.28457137,90,95,100,1,0.651685393,89,2.912581699,1.16,9.1817,447.674875,Unidirectional,Levant
Qafzeh XIX,525,4,48.61,29.58,24.45,23,10.9,11.76,2.59,chert,Chert,1,0,0,0,32.69957266,35.28457137,90,95,100,1,0.651685393,89,1.988139059,1.06,30.4584,1233.2357,Unidirectional,Levant
Qafzeh XIX,563,3,58.74,25.74,42.2,8,5.11,23.35,5.51,chert,Chert,1,0,0,0,32.69957266,35.28457137,90,95,100,1,0.651685393,89,1.391943128,5.28,128.6585,1734.8859,Unidirectional,Levant
Qafzeh XIX,2593,3,19.92,18.2,19.74,13.3,5.05,17.87,4.7,chert,Chert,1,0,0,0,32.69957266,35.28457137,90,95,100,1,0.651685393,89,1.009118541,1.48,83.989,353.4804,Unidirectional,Levant
Tor Faraj,1,4,49.97,27.43,27.76,1.08,4.34,22.56,4.21,chert,Chert,1,0,0,0,29.93739638,35.32052947,55,60,65,1,0.824175824,182,1.800072046,25.7,94.9776,1049.744775,Unidirectional,Levant
Tor Faraj,4,3,46.78,26.79,20.58,1.37,4.43,11.22,4.36,chert,Chert,1,0,0,0,29.93739638,35.32052947,55,60,65,1,0.824175824,182,2.273080661,15.02,48.9192,810.6974,Unidirectional,Levant
Tor Faraj,6,6,45.33,19.07,27.04,0.95,7.45,17.83,6.14,chert,Chert,1,0,0,0,29.93739638,35.32052947,55,60,65,1,0.824175824,182,1.676405325,28.46,109.4762,839.73825,Unidirectional,Levant
Tor Faraj,6,5,57.11,21.55,24.9,13.36,4.77,20.35,5.87,chert,Chert,1,0,0,0,29.93739638,35.32052947,55,60,65,1,0.824175824,182,2.293574297,1.86,119.4545,1209.447025,Unidirectional,Levant
Tor Faraj,7,4,48.25,23.8,32.54,19.29,5.09,17.98,5.68,chert,Chert,1,0,0,0,29.93739638,35.32052947,55,60,65,1,0.824175824,182,1.482790412,1.69,102.1264,1304.800625,Unidirectional,Levant
Tor Faraj,7,6,31.11,19.98,19.74,7.27,4.45,16.41,5.04,chert,Chert,1,0,0,0,29.93739638,35.32052947,55,60,65,1,0.824175824,182,1.575987842,2.72,82.7064,518.992575,Unidirectional,Levant
Tor Faraj,10,4,39.44,14.17,26.47,9.13,5.69,13.17,6.55,chert,Chert,1,0,0,0,29.93739638,35.32052947,55,60,65,1,0.824175824,182,1.489988666,2.9,86.2635,751.7264,Unidirectional,Levant
Tor Faraj,24,3,35.24,20.5,29.33,13.45,5.61,18.04,7.48,chert,Chert,1,0,0,0,29.93739638,35.32052947,55,60,65,1,0.824175824,182,1.20150017,2.18,134.9392,815.8941,Unidirectional,Levant
Tor Faraj,197,4,53.77,31.13,26.2,2.28,2.93,32.72,4.25,chert,Chert,1,0,0,0,29.93739638,35.32052947,55,60,65,1,0.824175824,182,2.052290076,11.49,139.06,1153.500925,Unidirectional,Levant
Tor Faraj,198,4,49.55,28.44,20.82,4.73,6.28,25.07,6.79,chert,Chert,1,0,0,0,29.93739638,35.32052947,55,60,65,1,0.824175824,182,2.379923151,4.4,170.2253,926.708875,Unidirectional,Levant
Tor Faraj,200,3,61.95,14.45,26.96,5.11,3.65,15.27,3.37,chert,Chert,1,0,0,0,29.93739638,35.32052947,55,60,65,1,0.824175824,182,2.297848665,5.28,51.4599,1138.0215,Unidirectional,Levant
Tor Faraj,201,6,81.57,27.13,28.11,10.68,7.13,28.74,3.85,chert,Chert,1,0,0,0,29.93739638,35.32052947,55,60,65,1,0.824175824,182,2.901814301,2.63,110.649,1917.506775,Unidirectional,Levant
Tor Faraj,202,4,27.53,18.56,28.4,27.7,5.65,15.74,6.4,chert,Chert,1,0,0,0,29.93739638,35.32052947,55,60,65,1,0.824175824,182,0.969366197,1.03,100.736,709.31045,Unidirectional,Levant
Tor Faraj,203,3,22.74,26.69,31.02,25.94,3,25.69,5.06,chert,Chert,1,0,0,0,29.93739638,35.32052947,55,60,65,1,0.824175824,182,0.733075435,1.2,129.9914,651.89895,Unidirectional,Levant
Tor Faraj,205,3,44.8,20.45,28.07,3.45,4.83,19.3,4.14,chert,Chert,1,0,0,0,29.93739638,35.32052947,55,60,65,1,0.824175824,182,1.596009975,8.14,79.902,896.448,Unidirectional,Levant
Tor Faraj,208,7,91.72,30.27,22.36,3.33,7.4,29.25,11.78,chert,Chert,1,0,0,0,29.93739638,35.32052947,55,60,65,1,0.824175824,182,4.1019678,6.71,344.565,1795.8776,Unidirectional,Levant
Tor Faraj,217,3,25.77,16.13,12.85,3.77,2.42,16.35,2.16,chert,Chert,1,0,0,0,29.93739638,35.32052947,55,60,65,1,0.824175824,182,2.005447471,3.41,35.316,293.778,Unidirectional,Levant
Tor Faraj,220,3,63.53,30.75,25.18,6.99,8.37,30.54,8.53,chert,Chert,1,0,0,0,29.93739638,35.32052947,55,60,65,1,0.824175824,182,2.523034154,3.6,260.5062,1399.24825,Unidirectional,Levant
Tor Faraj,223,4,50.81,41.91,39.9,16.32,9.76,41.26,9.68,chert,Chert,1,0,0,0,29.93739638,35.32052947,55,60,65,1,0.824175824,182,1.273433584,2.44,399.3968,1753.326075,Unidirectional,Levant
Tor Faraj,224,3,30.44,15.03,16.22,11.29,2.85,18.65,3.45,chert,Chert,1,0,0,0,29.93739638,35.32052947,55,60,65,1,0.824175824,182,1.876695438,1.44,64.3425,447.1636,Unidirectional,Levant
Tor Faraj,225,3,72.33,42.28,37.91,4.71,7.92,37.67,8.68,chert,Chert,1,0,0,0,29.93739638,35.32052947,55,60,65,1,0.824175824,182,1.907939858,8.05,326.9756,2220.711825,Unidirectional,Levant
Tor Faraj,226,6,44.04,43.55,38.9,7.95,8.5,23.53,7.2,chert,Chert,1,0,0,0,29.93739638,35.32052947,55,60,65,1,0.824175824,182,1.132133676,4.89,169.416,1423.593,Unidirectional,Levant
Tor Faraj,227,4,52.1,23.46,30.49,17.68,8.73,19.88,9.02,chert,Chert,1,0,0,0,29.93739638,35.32052947,55,60,65,1,0.824175824,182,1.708756969,1.72,179.3176,1330.113,Unidirectional,Levant
Tor Faraj,230,6,30.26,29.6,37.44,32.78,5.15,26.33,4.52,chert,Chert,1,0,0,0,29.93739638,35.32052947,55,60,65,1,0.824175824,182,0.808226496,1.14,119.0116,1038.3719,Unidirectional,Levant
Tor Faraj,231,2,55.36,39.97,34.7,1.27,9.51,40.2,8.4,chert,Chert,1,0,0,0,29.93739638,35.32052947,55,60,65,1,0.824175824,182,1.595389049,27.32,337.68,1531.2576,Unidirectional,Levant
Tor Faraj,232,5,67.01,18.71,26.14,9.55,6.41,21.86,7.97,chert,Chert,1,0,0,0,29.93739638,35.32052947,55,60,65,1,0.824175824,182,2.563504208,2.74,174.2242,1349.24635,Unidirectional,Levant
Tor Faraj,233,5,38.71,29.91,34.24,23.16,10.09,25.41,7.67,chert,Chert,1,0,0,0,29.93739638,35.32052947,55,60,65,1,0.824175824,182,1.130549065,1.48,194.8947,1176.300125,Unidirectional,Levant
Tor Faraj,234,6,53.47,23.59,21.42,10.38,7.06,23.01,6.43,chert,Chert,1,0,0,0,29.93739638,35.32052947,55,60,65,1,0.824175824,182,2.496265173,2.06,147.9543,1026.757675,Unidirectional,Levant
Tor Faraj,236,5,79.09,11.44,25.83,23.33,5.31,9.67,4.38,chert,Chert,1,0,0,0,29.93739638,35.32052947,55,60,65,1,0.824175824,182,3.061943477,1.11,42.3546,1708.937175,Unidirectional,Levant
Wusta,112,3,33.88,26.76,34.19,23.92,7.64,27.26,6.56,chert,Chert,1,0,0,0,27.418,39.397,85,90,95,0,0.221052632,95,0.990933021,1.43,178.8256,1008.4382,Unidirectional,Arabia
Wusta,185,3,43.32,23.91,29.68,21.57,9.06,17.96,8.64,chert,Chert,1,0,0,0,27.418,39.397,85,90,95,0,0.221052632,95,1.459568733,1.38,155.1744,1135.4172,Unidirectional,Arabia
Wusta,298,4,22.17,29.55,26.99,21.3,9.2,29.51,10.56,chert,Chert,1,0,0,0,27.418,39.397,85,90,95,0,0.221052632,95,0.821415339,1.27,311.6256,581.020275,Unidirectional,Arabia
Wusta,704,3,30.42,14.65,16.32,15.78,3.35,11.26,2.52,chert,Chert,1,0,0,0,27.418,39.397,85,90,95,0,0.221052632,95,1.863970588,1.03,28.3752,479.64735,Unidirectional,Arabia
A5,104,3,38.11,18.63,22.66,2.42,4.77,10.66,3.91,basalt,Igneous,0,1,0,0,10.41667,40.51667,70,75,80,0,0.4,40,1.681818182,9.36,41.6806,632.340175,Unidirectional Convergent,Africa
A5,385,4,33.1,24.25,23.96,2.16,6.97,23.23,6.82,fine igneous,Igneous,0,1,0,0,10.41667,40.51667,70,75,80,0,0.4,40,1.381469115,11.09,158.4286,615.08075,Unidirectional Convergent,Africa
A5,1550,3,34.94,26.65,24.73,2.64,7.83,27.03,7.62,basalt,Igneous,0,1,0,0,10.41667,40.51667,70,75,80,0,0.4,40,1.412858876,9.37,205.9686,687.88125,Unidirectional Convergent,Africa
A5,4198,3,31.04,30.06,24.26,8.93,7.15,29.85,7.98,basalt,Igneous,0,1,0,0,10.41667,40.51667,70,75,80,0,0.4,40,1.279472383,2.72,238.203,679.0776,Unidirectional Convergent,Africa
A5,4725,3,62.87,29.4,27.23,4.63,11.23,28.12,11.11,basalt,Igneous,0,1,0,0,10.41667,40.51667,70,75,80,0,0.4,40,2.308850533,5.88,312.4132,1390.841575,Unidirectional Convergent,Africa
ALM-3,141,4,61.97,35.35,41.76,8.52,10.24,32.87,12.6,ferruginous quartzite,Quartzite,0,0,0,1,27.73277778,40.48472222,50,54,58,0,0,24,1.483955939,4.9,414.162,1973.589575,Unidirectional Convergent,Arabia
ALM-3,143,4,52.93,53.58,49.79,19.72,13.28,45.89,19.46,ferruginous quartzite,Quartzite,0,0,0,1,27.73277778,40.48472222,50,54,58,0,0,24,1.063064872,2.52,893.0194,2287.6346,Unidirectional Convergent,Arabia
ALM-3,153,4,46.72,30.65,36,16.18,8.63,20.85,7.88,ferruginous quartzite,Quartzite,0,0,0,1,27.73277778,40.48472222,50,54,58,0,0,24,1.297777778,2.22,164.298,1387.9344,Unidirectional Convergent,Arabia
JKF-1,27,4,67.24,39.3,38.92,26.49,8.52,33.98,15.86,ferruginous quartzite,Quartzite,0,0,0,1,27.9218,40.80503,50,55,60,0,0.116071429,112,1.727646454,1.47,538.9228,2414.4203,Unidirectional Convergent,Arabia
JKF-1,34,3,48.39,28.84,30.03,14.38,5.25,25.18,6.45,ferruginous quartzite,Quartzite,0,0,0,1,27.9218,40.80503,50,55,60,0,0.116071429,112,1.611388611,2.09,162.411,1249.4298,Unidirectional Convergent,Arabia
JKF-1,42,4,41.1,37.08,25.74,4.96,9.6,20.08,11.03,ferruginous quartzite,Quartzite,0,0,0,1,27.9218,40.80503,50,55,60,0,0.116071429,112,1.596736597,5.19,221.4824,960.918,Unidirectional Convergent,Arabia
JKF-1,73,3,44.82,24.44,18.45,1.15,6.33,17.12,4.69,ferruginous quartzite,Quartzite,0,0,0,1,27.9218,40.80503,50,55,60,0,0.116071429,112,2.429268293,16.04,80.2928,700.20045,Unidirectional Convergent,Arabia
JKF-1,86,6,58.46,44.01,40.75,14.34,13.42,39.71,11.62,ferruginous quartzite,Quartzite,0,0,0,1,27.9218,40.80503,50,55,60,0,0.116071429,112,1.434601227,2.84,461.4302,2043.90775,Unidirectional Convergent,Arabia
JKF-1,209,7,100.45,29.01,30.2,4.63,9.21,25.84,12.57,ferruginous quartzite,Quartzite,0,0,0,1,27.9218,40.80503,50,55,60,0,0.116071429,112,3.32615894,6.52,324.8088,2361.5795,Unidirectional Convergent,Arabia
JKF-1,328,7,60.22,26.98,36.6,3.97,11.54,25.29,11.86,ferruginous quartzite,Quartzite,0,0,0,1,27.9218,40.80503,50,55,60,0,0.116071429,112,1.645355191,9.22,299.9394,1567.97825,Unidirectional Convergent,Arabia
JKF-1,397,5,48.07,42.74,36.32,3.81,21.72,44.69,13.27,ferruginous quartzite,Quartzite,0,0,0,1,27.9218,40.80503,50,55,60,0,0.116071429,112,1.323513216,9.53,593.0363,1432.365825,Unidirectional Convergent,Arabia
JKF-1,422,6,46.29,25.28,27.11,4.49,7.48,21.97,7.94,ferruginous quartzite,Quartzite,0,0,0,1,27.9218,40.80503,50,55,60,0,0.116071429,112,1.707488012,6.04,174.4418,971.974275,Unidirectional Convergent,Arabia
JKF-1,502,6,53.44,35.28,29.42,3.31,8.87,36.01,9.02,ferruginous quartzite,Quartzite,0,0,0,1,27.9218,40.80503,50,55,60,0,0.116071429,112,1.816451394,8.89,324.8102,1301.6648,Unidirectional Convergent,Arabia
JKF-1,504,7,77.04,42.46,31.08,3.26,8.1,36.18,6.33,ferruginous quartzite,Quartzite,0,0,0,1,27.9218,40.80503,50,55,60,0,0.116071429,112,2.478764479,9.53,229.0194,2077.7688,Unidirectional Convergent,Arabia
JKF-1,513,9,91.97,39.39,29.27,2.27,8.83,25.49,10.19,ferruginous quartzite,Quartzite,0,0,0,1,27.9218,40.80503,50,55,60,0,0.116071429,112,3.142125043,12.89,259.7431,2303.8485,Unidirectional Convergent,Arabia
JKF-1,921,8,80.16,45.49,40.9,6.65,7.61,45.18,12.46,ferruginous quartzite,Quartzite,0,0,0,1,27.9218,40.80503,50,55,60,0,0.116071429,112,1.9599022,6.15,562.9428,2684.1576,Unidirectional Convergent,Arabia
JKF-1,S20,7,74.41,37.06,42.41,3.84,8.63,29.03,7.52,ferruginous quartzite,Quartzite,0,0,0,1,27.9218,40.80503,50,55,60,0,0.116071429,112,1.754539024,11.04,218.3056,2338.7063,Unidirectional Convergent,Arabia
JKF-1,S76,3,69.01,49.33,36.62,2.67,5.62,49.14,8.94,chert,Chert,1,0,0,0,27.9218,40.80503,50,55,60,0,0.116071429,112,1.88448935,13.72,439.3116,2160.7031,Unidirectional Convergent,Arabia
JSM-1,508,4,33.8,30.87,31.58,18.88,7.04,31.24,9.29,argilaceous quartzite,Quartzite,0,0,0,1,27.97692724,40.92311408,66,75,84,0,0.109589041,73,1.070297657,1.67,290.2196,954.0895,Unidirectional Convergent,Arabia
JSM-1,1087,6,23.51,26.31,15.45,3.12,5.94,26.08,3.83,argilaceous quartzite,Quartzite,0,0,0,1,27.97692724,40.92311408,66,75,84,0,0.109589041,73,1.521682848,4.95,99.8864,354.589575,Unidirectional Convergent,Arabia
Kebara X,73,4,36.08,22.45,22.31,4.2,4.12,21.71,3.83,chert,Chert,1,0,0,0,34.93,32.56,60,63,65,1,0.269662921,534,1.617212013,5.31,83.1493,642.8554,Unidirectional Convergent,Levant
Kebara X,80,5,32.2,22.5,21.96,2.5,3.81,13.85,5.6,chert,Chert,1,0,0,0,34.93,32.56,60,63,65,1,0.269662921,534,1.466302368,8.78,77.56,554.806,Unidirectional Convergent,Levant
Kebara X,107,2,32.28,30.43,28.43,10.48,2.34,25.62,2.66,chert,Chert,1,0,0,0,34.93,32.56,60,63,65,1,0.269662921,534,1.135420331,2.71,68.1492,789.0039,Unidirectional Convergent,Levant
Kebara X,175,4,60.15,34.47,38.72,20.1,7.56,30.45,10.74,chert,Chert,1,0,0,0,34.93,32.56,60,63,65,1,0.269662921,534,1.553460744,1.93,327.033,1985.100375,Unidirectional Convergent,Levant
Kebara X,181,4,55.29,29.73,34.8,1.9,6.17,28.71,5.33,chert,Chert,1,0,0,0,34.93,32.56,60,63,65,1,0.269662921,534,1.588793103,18.32,153.0243,1399.251675,Unidirectional Convergent,Levant
Kebara X,193,4,54.16,40.13,35.15,1.3,8.67,40.33,8.36,chert,Chert,1,0,0,0,34.93,32.56,60,63,65,1,0.269662921,534,1.540825036,27.04,337.1588,1512.8242,Unidirectional Convergent,Levant
Kebara X,197,3,28.06,29.3,20.37,11.84,3.19,29.15,5.15,chert,Chert,1,0,0,0,34.93,32.56,60,63,65,1,0.269662921,534,1.377515955,1.72,150.1225,574.3882,Unidirectional Convergent,Levant
Kebara X,200,3,52.05,37.72,31.54,5.5,5.16,38.73,6.38,chert,Chert,1,0,0,0,34.93,32.56,60,63,65,1,0.269662921,534,1.650285352,5.73,247.0974,1383.22875,Unidirectional Convergent,Levant
Kebara X,207,4,53.56,33.49,23.41,1.6,7.39,33.39,4.19,chert,Chert,1,0,0,0,34.93,32.56,60,63,65,1,0.269662921,534,2.287911149,14.63,139.9041,1096.7749,Unidirectional Convergent,Levant
Kebara X,209,2,35.63,35.7,22,1.6,4.71,35.47,4.29,chert,Chert,1,0,0,0,34.93,32.56,60,63,65,1,0.269662921,534,1.619545455,13.75,152.1663,724.17975,Unidirectional Convergent,Levant
Kebara X,212,4,45.24,22.93,18.3,1.3,2.63,20.02,3.58,chert,Chert,1,0,0,0,34.93,32.56,60,63,65,1,0.269662921,534,2.472131148,14.08,71.6716,687.9873,Unidirectional Convergent,Levant
Kebara X,215,3,52.11,42.18,41.81,5.9,7.41,41.02,8.63,chert,Chert,1,0,0,0,34.93,32.56,60,63,65,1,0.269662921,534,1.246352547,7.09,354.0026,1715.72175,Unidirectional Convergent,Levant
Kebara X,216,4,33.58,32.85,22.41,0.9,6.82,32.73,4.66,chert,Chert,1,0,0,0,34.93,32.56,60,63,65,1,0.269662921,534,1.498438197,24.9,152.5218,659.59515,Unidirectional Convergent,Levant
Kebara X,229,3,30.53,25.17,21.39,13.1,3.93,25.17,2.73,chert,Chert,1,0,0,0,34.93,32.56,60,63,65,1,0.269662921,534,1.427302478,1.63,68.7141,618.614125,Unidirectional Convergent,Levant
Kebara X,230,3,30.36,28.68,20.58,1.3,3.32,28.56,1.23,chert,Chert,1,0,0,0,34.93,32.56,60,63,65,1,0.269662921,534,1.475218659,15.83,35.1288,539.9526,Unidirectional Convergent,Levant
Kebara X,231,3,40.92,43.67,26.15,9.2,7.09,43.71,7.59,chert,Chert,1,0,0,0,34.93,32.56,60,63,65,1,0.269662921,534,1.564818356,2.84,331.7589,1075.8891,Unidirectional Convergent,Levant
Kebara X,234,6,56.84,26.88,33.29,1.4,3.44,26.79,3.68,chert,Chert,1,0,0,0,34.93,32.56,60,63,65,1,0.269662921,534,1.707419646,23.78,98.5872,1347.9606,Unidirectional Convergent,Levant
Kebara X,242,5,34.27,21.9,21.2,1.2,6.72,20.79,1.58,chert,Chert,1,0,0,0,34.93,32.56,60,63,65,1,0.269662921,534,1.616509434,17.67,32.8482,561.17125,Unidirectional Convergent,Levant
Kebara X,244,4,43.2,42.02,31.29,6.9,10.72,40.53,6.72,chert,Chert,1,0,0,0,34.93,32.56,60,63,65,1,0.269662921,534,1.38063279,4.53,272.3616,1204.2,Unidirectional Convergent,Levant
Kebara X,251,5,49.04,23.33,25.04,1.3,6.73,14.91,4.63,chert,Chert,1,0,0,0,34.93,32.56,60,63,65,1,0.269662921,534,1.958466454,19.26,69.0333,915.9446,Unidirectional Convergent,Levant
Kebara X,255,3,41.07,24.11,22.8,4.1,6.05,22.37,4.18,chert,Chert,1,0,0,0,34.93,32.56,60,63,65,1,0.269662921,534,1.801315789,5.56,93.5066,757.844175,Unidirectional Convergent,Levant
Kebara X,258,5,40.02,37.02,29.9,1.6,6.83,28.99,7.05,chert,Chert,1,0,0,0,34.93,32.56,60,63,65,1,0.269662921,534,1.338461538,18.69,204.3795,984.6921,Unidirectional Convergent,Levant
Kebara X,270,5,44.32,48.09,36.66,0.7,9.1,48.11,6.88,chert,Chert,1,0,0,0,34.93,32.56,60,63,65,1,0.269662921,534,1.208947081,52.37,330.9968,1352.9788,Unidirectional Convergent,Levant
Kebara X,272,3,35.74,27.27,15.4,1.5,3.9,28.69,3.45,chert,Chert,1,0,0,0,34.93,32.56,60,63,65,1,0.269662921,534,2.320779221,10.27,98.9805,532.25795,Unidirectional Convergent,Levant
Kebara X,278,6,43.3,28.51,28.02,1.5,4.16,26.83,7.4,chert,Chert,1,0,0,0,34.93,32.56,60,63,65,1,0.269662921,534,1.545324768,18.68,198.542,931.49125,Unidirectional Convergent,Levant
Kebara X,280,5,61.87,33.09,26.18,16.72,7.31,32.87,5.1,chert,Chert,1,0,0,0,34.93,32.56,60,63,65,1,0.269662921,534,2.363254393,1.57,167.637,1580.314475,Unidirectional Convergent,Levant
Kebara X,281,5,43.16,35.63,38.91,4.8,12.57,31.9,8.75,chert,Chert,1,0,0,0,34.93,32.56,60,63,65,1,0.269662921,534,1.10922642,8.11,279.125,1275.9175,Unidirectional Convergent,Levant
Kebara X,283,4,36.75,35.28,24.7,4.7,6.43,35.28,4.64,chert,Chert,1,0,0,0,34.93,32.56,60,63,65,1,0.269662921,534,1.487854251,5.26,163.6992,821.17875,Unidirectional Convergent,Levant
Kebara X,290,3,43.4,37.37,28.79,1.2,4.64,22.47,3.6,chert,Chert,1,0,0,0,34.93,32.56,60,63,65,1,0.269662921,534,1.507467871,23.99,80.892,1043.2275,Unidirectional Convergent,Levant
Kebara X,292,4,58.95,37.72,32.29,3.3,6.45,21.72,8.05,chert,Chert,1,0,0,0,34.93,32.56,60,63,65,1,0.269662921,534,1.825642614,9.78,174.846,1556.28,Unidirectional Convergent,Levant
Kebara X,308,4,39.41,23.93,21.05,2.1,4.46,22.56,4.78,chert,Chert,1,0,0,0,34.93,32.56,60,63,65,1,0.269662921,534,1.872209026,10.02,107.8368,671.250825,Unidirectional Convergent,Levant
Kebara X,313,4,45.5,24.84,20.56,3.52,5.36,12.98,4.66,chert,Chert,1,0,0,0,34.93,32.56,60,63,65,1,0.269662921,534,2.213035019,5.84,60.4868,790.335,Unidirectional Convergent,Levant
Kebara X,330,3,41.43,31.75,20.59,2.3,5.32,25.19,4.68,chert,Chert,1,0,0,0,34.93,32.56,60,63,65,1,0.269662921,534,2.012141816,8.95,117.8892,779.194725,Unidirectional Convergent,Levant
Kebara X,343,4,75.34,64.04,51.47,8.2,10.99,51.95,4.65,chert,Chert,1,0,0,0,34.93,32.56,60,63,65,1,0.269662921,534,1.4637653,6.28,241.5675,3299.5153,Unidirectional Convergent,Levant
Kebara X,347,4,42.07,31.31,27.78,8.3,6.55,30.72,3.94,chert,Chert,1,0,0,0,34.93,32.56,60,63,65,1,0.269662921,534,1.514398848,3.35,121.0368,1000.950475,Unidirectional Convergent,Levant
Kebara X,348,5,47.69,14.52,19.45,1,4.74,10.02,1.8,chert,Chert,1,0,0,0,34.93,32.56,60,63,65,1,0.269662921,534,2.451928021,19.45,18.036,648.82245,Unidirectional Convergent,Levant
Kebara X,349,6,63.44,39.22,40.22,12.7,8.67,38.54,6.72,chert,Chert,1,0,0,0,34.93,32.56,60,63,65,1,0.269662921,534,1.577324714,3.17,258.9888,2099.2296,Unidirectional Convergent,Levant
Kebara X,350,4,53.48,32.18,34.94,1.3,6.33,28.84,5.02,chert,Chert,1,0,0,0,34.93,32.56,60,63,65,1,0.269662921,534,1.530623927,26.88,144.7768,1381.9232,Unidirectional Convergent,Levant
Kebara X,353,4,44.49,27.11,19.18,1.6,6.19,20.68,6.87,chert,Chert,1,0,0,0,34.93,32.56,60,63,65,1,0.269662921,534,2.319603754,11.99,142.0716,745.986075,Unidirectional Convergent,Levant
Kebara X,362,3,49.78,46.92,32.75,16.6,7.56,46.74,6.72,chert,Chert,1,0,0,0,34.93,32.56,60,63,65,1,0.269662921,534,1.52,1.97,314.0928,1605.6539,Unidirectional Convergent,Levant
Kebara X,367,3,63.88,43.05,45.56,22,4.89,42.76,5.82,chert,Chert,1,0,0,0,34.93,32.56,60,63,65,1,0.269662921,534,1.402107112,2.07,248.8632,2494.0349,Unidirectional Convergent,Levant
Kebara X,369,4,56.74,27.43,25.2,1.7,7.03,19.57,4.88,chert,Chert,1,0,0,0,34.93,32.56,60,63,65,1,0.269662921,534,2.251587302,14.82,95.5016,1128.13305,Unidirectional Convergent,Levant
Kebara X,382,5,49.29,21.29,25.5,2.3,7.48,18.66,2.35,chert,Chert,1,0,0,0,34.93,32.56,60,63,65,1,0.269662921,534,1.932941176,11.09,43.851,919.135275,Unidirectional Convergent,Levant
Kebara X,399,3,38.03,42.2,35.84,1.5,7.64,41.1,8.03,chert,Chert,1,0,0,0,34.93,32.56,60,63,65,1,0.269662921,534,1.061104911,23.89,330.033,1096.97535,Unidirectional Convergent,Levant
Kebara X,412,5,41.03,15.53,17.6,7.3,3.87,3.76,1.63,chert,Chert,1,0,0,0,34.93,32.56,60,63,65,1,0.269662921,534,2.33125,2.41,6.1288,595.242725,Unidirectional Convergent,Levant
Kebara X,419,3,51.74,27.74,30.31,4.6,4.12,25.87,4.94,chert,Chert,1,0,0,0,34.93,32.56,60,63,65,1,0.269662921,534,1.707027384,6.59,127.7978,1202.4376,Unidirectional Convergent,Levant
Kebara X,424,4,35.03,27.72,34.2,20.11,8.05,25.43,6.2,chert,Chert,1,0,0,0,34.93,32.56,60,63,65,1,0.269662921,534,1.024269006,1.7,157.666,1017.884225,Unidirectional Convergent,Levant
Kebara X,428,4,49.9,31.73,20.95,2.2,6.29,30.62,3.96,chert,Chert,1,0,0,0,34.93,32.56,60,63,65,1,0.269662921,534,2.381861575,9.52,121.2552,945.97925,Unidirectional Convergent,Levant
Kebara X,432,3,44.54,31.74,30.21,7.6,3.45,20.53,3.18,chert,Chert,1,0,0,0,34.93,32.56,60,63,65,1,0.269662921,534,1.474346243,3.98,65.2854,1110.8276,Unidirectional Convergent,Levant
Kebara X,446,2,63.27,42.75,35.7,3.7,6.32,37.97,8.69,chert,Chert,1,0,0,0,34.93,32.56,60,63,65,1,0.269662921,534,1.772268908,9.65,329.9593,1864.092375,Unidirectional Convergent,Levant
Kebara X,457,3,41.9,18.59,18.94,1.8,6.96,17.02,3.82,chert,Chert,1,0,0,0,34.93,32.56,60,63,65,1,0.269662921,534,2.212249208,10.52,65.0164,610.37825,Unidirectional Convergent,Levant
Kebara X,458,3,54.29,18.42,16.24,4.1,4.21,15.07,7.07,chert,Chert,1,0,0,0,34.93,32.56,60,63,65,1,0.269662921,534,3.342980296,3.96,106.5449,746.4875,Unidirectional Convergent,Levant
Kebara X,464,3,43.73,31.53,27.68,1,6.05,31.76,4.05,chert,Chert,1,0,0,0,34.93,32.56,60,63,65,1,0.269662921,534,1.57984104,27.68,128.628,960.857425,Unidirectional Convergent,Levant
Kebara X,468,4,39.83,21.21,14.36,3.1,4.07,20.41,3.77,chert,Chert,1,0,0,0,34.93,32.56,60,63,65,1,0.269662921,534,2.77367688,4.63,76.9457,528.046225,Unidirectional Convergent,Levant
Kebara X,473,3,38,26.18,18.21,1.6,4.71,26.17,6.34,chert,Chert,1,0,0,0,34.93,32.56,60,63,65,1,0.269662921,534,2.086765513,11.38,165.9178,609.9,Unidirectional Convergent,Levant
Kebara X,474,3,32.23,19.16,18.14,9.3,4.94,5.81,2.1,chert,Chert,1,0,0,0,34.93,32.56,60,63,65,1,0.269662921,534,1.776736494,1.95,12.201,521.64255,Unidirectional Convergent,Levant
Kebara X,494,4,40.31,23.1,17.9,1.3,3.13,19.51,4.31,chert,Chert,1,0,0,0,34.93,32.56,60,63,65,1,0.269662921,534,2.251955307,13.77,84.0881,606.6655,Unidirectional Convergent,Levant
Kebara X,522,3,32.8,23.28,18.91,5.6,4.74,23.49,3.79,chert,Chert,1,0,0,0,34.93,32.56,60,63,65,1,0.269662921,534,1.734531994,3.38,89.0271,546.94,Unidirectional Convergent,Levant
Kebara X,523,6,50.72,41.9,41.88,3.5,6.61,41.43,7.39,chert,Chert,1,0,0,0,34.93,32.56,60,63,65,1,0.269662921,534,1.211079274,11.97,306.1677,1637.7488,Unidirectional Convergent,Levant
Kebara X,581,3,55.36,37.11,30.38,1.6,5.21,36.98,7.26,chert,Chert,1,0,0,0,34.93,32.56,60,63,65,1,0.269662921,534,1.822251481,18.99,268.4748,1376.6648,Unidirectional Convergent,Levant
Kebara X,591,4,85.22,48.95,35.04,5.9,7.99,47.78,5.62,chert,Chert,1,0,0,0,34.93,32.56,60,63,65,1,0.269662921,534,2.432077626,5.94,268.5236,2661.63365,Unidirectional Convergent,Levant
Kebara X,889,3,48.63,35.13,34.92,7.16,3.62,34.4,4.39,chert,Chert,1,0,0,0,34.93,32.56,60,63,65,1,0.269662921,534,1.392611684,4.88,151.016,1363.220475,Unidirectional Convergent,Levant
Kebara X,895,2,81.39,39.43,28.56,9.7,6.91,36.34,8.19,chert,Chert,1,0,0,0,34.93,32.56,60,63,65,1,0.269662921,534,2.849789916,2.94,297.6246,2161.921875,Unidirectional Convergent,Levant
Kebara X,1308,6,76.03,23.76,30.54,5.1,7.77,17.84,6.81,chert,Chert,1,0,0,0,34.93,32.56,60,63,65,1,0.269662921,534,2.489521938,5.99,121.4904,1709.53455,Unidirectional Convergent,Levant
Ksar Akil 28A,1111,3,45.66,40.8,34.1,6.24,7.92,40.59,4.8,chert,Chert,1,0,0,0,34.376,35.903,55,63,70,1,0.642276423,123,1.339002933,5.46,194.832,1315.4646,Unidirectional Convergent,Levant
Ksar Akil 28A,1118,6,61.14,25.28,29.11,11.74,6.94,22.83,7.17,chert,Chert,1,0,0,0,34.376,35.903,55,63,70,1,0.642276423,123,2.100309172,2.48,163.6911,1455.7434,Unidirectional Convergent,Levant
Ksar Akil 28A,1140,7,64.08,28.97,26.59,1.65,7.49,26.76,7.96,chert,Chert,1,0,0,0,34.376,35.903,55,63,70,1,0.642276423,123,2.409928545,16.12,213.0096,1342.476,Unidirectional Convergent,Levant
Ksar Akil 28A,1168,4,55.66,34.59,31.91,11.45,6.92,34.48,6.62,chert,Chert,1,0,0,0,34.376,35.903,55,63,70,1,0.642276423,123,1.74428079,2.79,228.2576,1528.7019,Unidirectional Convergent,Levant
Ksar Akil 28A,1184,2,65.39,36.38,26.13,4.18,4.97,33.79,4.77,chert,Chert,1,0,0,0,34.376,35.903,55,63,70,1,0.642276423,123,2.502487562,6.25,161.1783,1517.37495,Unidirectional Convergent,Levant
Ksar Akil 28A,1201,6,51.73,21.75,27.64,2.14,7.23,21.37,7.42,chert,Chert,1,0,0,0,34.376,35.903,55,63,70,1,0.642276423,123,1.871562952,12.92,158.5654,1023.866025,Unidirectional Convergent,Levant
Ksar Akil 28A,1389,3,54.18,27.69,28.15,3.55,7.89,26.21,8.12,chert,Chert,1,0,0,0,34.376,35.903,55,63,70,1,0.642276423,123,1.924689165,7.93,212.8252,1185.7293,Unidirectional Convergent,Levant
Ksar Akil 28A,1399,4,55.53,29.63,32.5,2.54,9.29,29.45,10.05,chert,Chert,1,0,0,0,34.376,35.903,55,63,70,1,0.642276423,123,1.708615385,12.8,295.9725,1348.962525,Unidirectional Convergent,Levant
Ksar Akil 28A,1400,3,53,38.28,33.1,4.2,8.67,40.61,10.91,chert,Chert,1,0,0,0,34.376,35.903,55,63,70,1,0.642276423,123,1.601208459,7.88,443.0551,1440.01,Unidirectional Convergent,Levant
Ksar Akil 28A,1421,4,48.09,21.61,20.39,1.9,4.35,19.89,9.13,chert,Chert,1,0,0,0,34.376,35.903,55,63,70,1,0.642276423,123,2.358509073,10.73,181.5957,772.926525,Unidirectional Convergent,Levant
Ksar Akil 28A,1425,3,53.92,31.13,27.5,4.46,8.79,31.1,10.19,chert,Chert,1,0,0,0,34.376,35.903,55,63,70,1,0.642276423,123,1.960727273,6.17,316.909,1221.1532,Unidirectional Convergent,Levant
Ksar Akil 28A,1487,4,53.47,21.95,22.16,6.62,6.39,21.72,5.23,chert,Chert,1,0,0,0,34.376,35.903,55,63,70,1,0.642276423,123,2.412906137,3.35,113.5956,974.357075,Unidirectional Convergent,Levant
Ksar Akil 28A,1504,0,56.04,28.15,25.92,2.7,5.98,26.77,3.61,chert,Chert,1,0,0,0,34.376,35.903,55,63,70,1,0.642276423,123,2.162037037,9.6,96.6397,1158.4869,Unidirectional Convergent,Levant
Ksar Akil 28A,1511,5,54.31,30.59,28.71,3.32,8.08,30.02,5.93,chert,Chert,1,0,0,0,34.376,35.903,55,63,70,1,0.642276423,123,1.891675374,8.65,178.0186,1240.033075,Unidirectional Convergent,Levant
Ksar Akil 28A,1512,6,53.28,36.31,23.08,3.57,6.93,35.77,6.94,chert,Chert,1,0,0,0,34.376,35.903,55,63,70,1,0.642276423,123,2.308492201,6.46,248.2438,1146.0528,Unidirectional Convergent,Levant
Ksar Akil 28A,1521,3,48.4,20.77,30.57,6.46,8.67,19.39,8.12,chert,Chert,1,0,0,0,34.376,35.903,55,63,70,1,0.642276423,123,1.583251554,4.73,157.4468,1069.277,Unidirectional Convergent,Levant
Ksar Akil 28A,1522,7,61.54,31.86,34.84,3.91,10.84,30.55,9.26,chert,Chert,1,0,0,0,34.376,35.903,55,63,70,1,0.642276423,123,1.766360505,8.91,282.893,1622.34825,Unidirectional Convergent,Levant
Ksar Akil 28A,1526,5,52.94,21.48,28.22,4.67,10.57,21.27,8.61,chert,Chert,1,0,0,0,34.376,35.903,55,63,70,1,0.642276423,123,1.875974486,6.04,183.1347,1093.07865,Unidirectional Convergent,Levant
Ksar Akil 28A,1528,4,46.4,53.6,42.18,3.64,8.41,53.78,10.38,chert,Chert,1,0,0,0,34.376,35.903,55,63,70,1,0.642276423,123,1.100047416,11.59,558.2364,1642.56,Unidirectional Convergent,Levant
Ksar Akil 28A,1531,4,50.26,29.21,26.58,5.26,5.99,29.13,9.6,chert,Chert,1,0,0,0,34.376,35.903,55,63,70,1,0.642276423,123,1.89089541,5.05,279.648,1101.07095,Unidirectional Convergent,Levant
Ksar Akil 28A,1544,3,57.27,29.95,38.73,1.97,12.15,29.32,13.93,chert,Chert,1,0,0,0,34.376,35.903,55,63,70,1,0.642276423,123,1.478698683,19.66,408.4276,1566.04815,Unidirectional Convergent,Levant
Ksar Akil 28A,1551,6,71.56,52.84,48.21,7.11,11.7,51.43,11.21,chert,Chert,1,0,0,0,34.376,35.903,55,63,70,1,0.642276423,123,1.484339349,6.78,576.5303,2797.4593,Unidirectional Convergent,Levant
Ksar Akil 28A,1555,4,93.07,40.05,37.41,10.73,9.04,39.62,9.27,chert,Chert,1,0,0,0,34.376,35.903,55,63,70,1,0.642276423,123,2.487837477,3.49,367.2774,2922.398,Unidirectional Convergent,Levant
Ksar Akil 28A,1563,4,57.51,34.7,28.76,4.49,4.8,27.44,7.28,chert,Chert,1,0,0,0,34.376,35.903,55,63,70,1,0.642276423,123,1.999652295,6.41,199.7632,1390.448025,Unidirectional Convergent,Levant
Ksar Akil 28A,1577,6,73.69,34.54,42.03,2.24,6.36,33.49,7.04,chert,Chert,1,0,0,0,34.376,35.903,55,63,70,1,0.642276423,123,1.753271473,18.76,235.7696,2226.1749,Unidirectional Convergent,Levant
Ksar Akil 28A,1578,3,60.8,46.16,38.99,1.88,10.06,46.03,8.06,chert,Chert,1,0,0,0,34.376,35.903,55,63,70,1,0.642276423,123,1.559374199,20.74,371.0018,1915.504,Unidirectional Convergent,Levant
Ksar Akil 28A,1579,4,38.57,31.41,23.18,2.88,2.48,31.02,1.79,chert,Chert,1,0,0,0,34.376,35.903,55,63,70,1,0.642276423,123,1.663934426,8.05,55.5258,777.667625,Unidirectional Convergent,Levant
Ksar Akil 28A,1667,3,47.15,18.92,13.13,3.58,4.7,17.84,3.24,chert,Chert,1,0,0,0,34.376,35.903,55,63,70,1,0.642276423,123,3.591012947,3.67,57.8016,574.7585,Unidirectional Convergent,Levant
Ksar Akil 28A,1938,6,76.36,40.24,36.55,41.46,10.77,40.79,10.87,chert,Chert,1,0,0,0,34.376,35.903,55,63,70,1,0.642276423,123,2.089192886,0.88,443.3873,2955.132,Unidirectional Convergent,Levant
Ksar Akil 28A,1990,3,48.89,25.79,29.57,2.29,6.12,23.87,6.06,chert,Chert,1,0,0,0,34.376,35.903,55,63,70,1,0.642276423,123,1.653364897,12.91,144.6522,1066.04645,Unidirectional Convergent,Levant
Ksar Akil 28A,2005,3,51.2,24.35,25.27,7.05,5.86,22.69,8.87,chert,Chert,1,0,0,0,34.376,35.903,55,63,70,1,0.642276423,123,2.026117926,3.58,201.2603,1048.832,Unidirectional Convergent,Levant
Ksar Akil 28A,2020,6,65.02,53.43,35.32,12.73,8.09,53.42,7.26,chert,Chert,1,0,0,0,34.376,35.903,55,63,70,1,0.642276423,123,1.840883352,2.77,387.8292,2223.684,Unidirectional Convergent,Levant
Ksar Akil 28A,2026,5,75.19,32.27,28.44,1.82,6.88,32.16,8.09,chert,Chert,1,0,0,0,34.376,35.903,55,63,70,1,0.642276423,123,2.643811533,15.63,260.1744,1710.008575,Unidirectional Convergent,Levant
Ksar Akil 28A,2040,4,35.3,17.1,15.05,2,4.5,16.64,5.2,chert,Chert,1,0,0,0,34.376,35.903,55,63,70,1,0.642276423,123,2.34551495,7.53,86.528,434.19,Unidirectional Convergent,Levant
Ksar Akil 28A,2058,5,53.35,34.81,29.28,4.44,4.09,34.19,,chert,Chert,1,0,0,0,34.376,35.903,55,63,70,1,0.642276423,123,1.822062842,6.59,0,1304.540875,Unidirectional Convergent,Levant
Ksar Akil 28A,2061,4,65.31,46.78,45.24,47.66,14.86,43.91,13.33,chert,Chert,1,0,0,0,34.376,35.903,55,63,70,1,0.642276423,123,1.443633952,0.95,585.3203,3019.2813,Unidirectional Convergent,Levant
Ksar Akil 28A,2063,4,79.59,40.67,36.13,7.25,12.24,38.61,9.89,chert,Chert,1,0,0,0,34.376,35.903,55,63,70,1,0.642276423,123,2.202878494,4.98,381.8529,2391.28155,Unidirectional Convergent,Levant
Ksar Akil 28A,2064,5,54.74,39.37,35.57,5.08,8.31,39.3,8.36,chert,Chert,1,0,0,0,34.376,35.903,55,63,70,1,0.642276423,123,1.538937307,7,328.548,1581.84915,Unidirectional Convergent,Levant
Ksar Akil 28A,2065,7,61.93,33.63,27.09,19.44,5.55,32.11,8.06,chert,Chert,1,0,0,0,34.376,35.903,55,63,70,1,0.642276423,123,2.286083426,1.39,258.8066,1660.498125,Unidirectional Convergent,Levant
Ksar Akil 28A,2068,6,68.73,33.86,41.22,3.66,10.58,20.76,11.75,chert,Chert,1,0,0,0,34.376,35.903,55,63,70,1,0.642276423,123,1.667394469,11.26,243.93,2061.2127,Unidirectional Convergent,Levant
Ksar Akil 28A,2071,5,62.95,23.2,28.59,26.73,4.97,21.2,7.72,chert,Chert,1,0,0,0,34.376,35.903,55,63,70,1,0.642276423,123,2.201818818,1.07,163.664,1685.643625,Unidirectional Convergent,Levant
Ksar Akil 28A,2082,5,44.99,30,32.78,5.07,8.88,31.77,9.82,chert,Chert,1,0,0,0,34.376,35.903,55,63,70,1,0.642276423,123,1.372483221,6.47,311.9814,1131.835925,Unidirectional Convergent,Levant
Ksar Akil 28A,2084,3,36.94,31.13,24.51,2.68,7.21,31.59,9.29,chert,Chert,1,0,0,0,34.376,35.903,55,63,70,1,0.642276423,123,1.507139943,9.15,293.4711,764.93505,Unidirectional Convergent,Levant
Ksar Akil 28A,2087,3,46.73,23.19,26.92,3.99,7.09,23.06,8.92,chert,Chert,1,0,0,0,34.376,35.903,55,63,70,1,0.642276423,123,1.735884101,6.75,205.6952,946.51615,Unidirectional Convergent,Levant
Ksar Akil 28A,2188,5,63.68,45.81,36.26,3.23,8.22,45.4,8,chert,Chert,1,0,0,0,34.376,35.903,55,63,70,1,0.642276423,123,1.756205185,11.23,363.2,1935.2352,Unidirectional Convergent,Levant
Ksar Akil 28A,2195,5,69.42,30.22,34.16,2.07,12.54,28.62,8.95,chert,Chert,1,0,0,0,34.376,35.903,55,63,70,1,0.642276423,123,2.032201405,16.5,256.149,1746.08655,Unidirectional Convergent,Levant
Ksar Akil 28A,2197,3,70.28,38.76,37.4,13.47,9.11,37.42,7.61,chert,Chert,1,0,0,0,34.376,35.903,55,63,70,1,0.642276423,123,1.879144385,2.78,284.7662,2231.9171,Unidirectional Convergent,Levant
Ksar Akil 28A,2208,4,39.8,26.38,26.08,2.52,5.04,25.29,5.77,chert,Chert,1,0,0,0,34.376,35.903,55,63,70,1,0.642276423,123,1.52607362,10.35,145.9233,806.547,Unidirectional Convergent,Levant
Ksar Akil 28A,2219,3,46.29,26.41,26.15,4.43,6.45,27.59,5.49,chert,Chert,1,0,0,0,34.376,35.903,55,63,70,1,0.642276423,123,1.770172084,5.9,151.4691,962.13765,Unidirectional Convergent,Levant
Ksar Akil 28A,2221,4,49.69,32.96,31.16,2.37,9.33,31.24,8.91,chert,Chert,1,0,0,0,34.376,35.903,55,63,70,1,0.642276423,123,1.594672657,13.15,278.3484,1213.057125,Unidirectional Convergent,Levant
Ksar Akil 28A,2233,4,52.93,26.88,41.44,4.51,9.13,25.33,7,chert,Chert,1,0,0,0,34.376,35.903,55,63,70,1,0.642276423,123,1.27726834,9.19,177.31,1512.077775,Unidirectional Convergent,Levant
Ksar Akil 28A,2239,5,55.82,33.43,39.24,23.49,6.18,37.86,8.68,chert,Chert,1,0,0,0,34.376,35.903,55,63,70,1,0.642276423,123,1.422528033,1.67,328.6248,1889.507,Unidirectional Convergent,Levant
Ksar Akil 28A,2244,3,82.4,46.64,47.37,4.43,9.68,45.18,16.85,chert,Chert,1,0,0,0,34.376,35.903,55,63,70,1,0.642276423,123,1.739497572,10.69,761.283,3003.686,Unidirectional Convergent,Levant
Ksar Akil 28A,2247,4,57.41,33.65,36.07,14.85,7.6,32.39,6.24,chert,Chert,1,0,0,0,34.376,35.903,55,63,70,1,0.642276423,123,1.591627391,2.43,202.1136,1731.4856,Unidirectional Convergent,Levant
Ksar Akil 28A,2248,4,59.36,29.94,31.46,1.37,7.57,26.8,6.92,chert,Chert,1,0,0,0,34.376,35.903,55,63,70,1,0.642276423,123,1.886840432,22.96,185.456,1398.3732,Unidirectional Convergent,Levant
Ksar Akil 28A,2249,4,46.92,20,25.29,2.45,9.34,21,9.91,chert,Chert,1,0,0,0,34.376,35.903,55,63,70,1,0.642276423,123,1.855278766,10.32,208.11,856.6419,Unidirectional Convergent,Levant
Ksar Akil 28A,2250,4,41.77,23.21,27.75,1.59,7.29,23.33,7.59,chert,Chert,1,0,0,0,34.376,35.903,55,63,70,1,0.642276423,123,1.505225225,17.45,177.0747,838.53275,Unidirectional Convergent,Levant
Ksar Akil 28A,2252,5,52.34,23.17,24.45,1.57,5.29,27.79,7.4,chert,Chert,1,0,0,0,34.376,35.903,55,63,70,1,0.642276423,123,2.140695297,15.57,205.646,963.5794,Unidirectional Convergent,Levant
Ksar Akil 28A,2274,4,49.46,32.94,30.71,9.23,5.12,28.65,5.4,chert,Chert,1,0,0,0,34.376,35.903,55,63,70,1,0.642276423,123,1.610550309,3.33,154.71,1280.89035,Unidirectional Convergent,Levant
Ksar Akil 28A,2283,8,39.08,22.7,31.69,6.86,8.37,22.79,6.53,chert,Chert,1,0,0,0,34.376,35.903,55,63,70,1,0.642276423,123,1.233196592,4.62,148.8187,908.0238,Unidirectional Convergent,Levant
Ksar Akil 28A,2317,4,37,21.33,23,4.61,5.63,15.25,6.56,chert,Chert,1,0,0,0,34.376,35.903,55,63,70,1,0.642276423,123,1.608695652,4.99,100.04,665.445,Unidirectional Convergent,Levant
Ksar Akil 28A,2331,3,36.14,17.11,16.39,1.46,5.05,17.08,6.28,chert,Chert,1,0,0,0,34.376,35.903,55,63,70,1,0.642276423,123,2.205003051,11.23,107.2624,463.94725,Unidirectional Convergent,Levant
Ksar Akil 28A,2364,4,60.74,27.02,38.35,51.13,11.39,35.7,12.48,chert,Chert,1,0,0,0,34.376,35.903,55,63,70,1,0.642276423,123,1.583833116,0.75,445.536,2351.39725,Unidirectional Convergent,Levant
Ksar Akil 28A,2518,5,70.57,37.86,46.99,21.32,10.08,35.68,12.48,chert,Chert,1,0,0,0,34.376,35.903,55,63,70,1,0.642276423,123,1.501808896,2.2,445.2864,2702.1253,Unidirectional Convergent,Levant
Ksar Akil 28A,2519,7,42.71,37.61,37.84,9.06,12.06,37.07,14.36,chert,Chert,1,0,0,0,34.376,35.903,55,63,70,1,0.642276423,123,1.128699789,4.18,532.3252,1306.392125,Unidirectional Convergent,Levant
Ksar Akil 28A,2663,5,70.92,20.27,30.34,18.52,9,18.83,4.28,chert,Chert,1,0,0,0,34.376,35.903,55,63,70,1,0.642276423,123,2.33750824,1.64,80.5924,1763.6031,Unidirectional Convergent,Levant
Ksar Akil 28A,2691,5,58.59,23.96,34.58,17.2,3.99,18.09,5.12,chert,Chert,1,0,0,0,34.376,35.903,55,63,70,1,0.642276423,123,1.694331984,2.01,92.6208,1615.9122,Unidirectional Convergent,Levant
Qafzeh XIX,16,3,27.68,24.45,25.69,11,5.62,24.05,6.11,chert,Chert,1,0,0,0,32.69957266,35.28457137,90,95,100,1,0.651685393,89,1.077462047,2.34,146.9455,600.8636,Unidirectional Convergent,Levant
Qafzeh XIX,21,8,46.36,42.89,39.96,12.09,6.96,39.03,10.6,chert,Chert,1,0,0,0,32.69957266,35.28457137,90,95,100,1,0.651685393,89,1.16016016,3.31,413.718,1563.491,Unidirectional Convergent,Levant
Qafzeh XIX,33,3,36.12,25.8,39.75,16,5.02,18.17,5.75,chert,Chert,1,0,0,0,32.69957266,35.28457137,90,95,100,1,0.651685393,89,0.908679245,2.48,104.4775,1095.339,Unidirectional Convergent,Levant
Qafzeh XIX,35,6,30.25,21.63,22.8,7.09,3.4,18.79,4.7,chert,Chert,1,0,0,0,32.69957266,35.28457137,90,95,100,1,0.651685393,89,1.326754386,3.22,88.313,562.045,Unidirectional Convergent,Levant
Qafzeh XIX,42,4,29.7,24,25.35,12,5.27,17.98,5.38,chert,Chert,1,0,0,0,32.69957266,35.28457137,90,95,100,1,0.651685393,89,1.171597633,2.11,96.7324,643.7475,Unidirectional Convergent,Levant
Qafzeh XIX,176,5,31.36,29.45,36.76,14,4.89,25.37,2.4,chert,Chert,1,0,0,0,32.69957266,35.28457137,90,95,100,1,0.651685393,89,0.853101197,2.63,60.888,917.0448,Unidirectional Convergent,Levant
Qafzeh XIX,281,3,53.97,27.25,37.19,17.07,6.39,36.66,5.94,chert,Chert,1,0,0,0,32.69957266,35.28457137,90,95,100,1,0.651685393,89,1.451196558,2.18,217.7604,1601.55975,Unidirectional Convergent,Levant
Qafzeh XIX,417,6,27.24,33.61,29.48,12.93,5.2,33.25,1.88,chert,Chert,1,0,0,0,32.69957266,35.28457137,90,95,100,1,0.651685393,89,0.924016282,2.28,62.51,718.455,Unidirectional Convergent,Levant
Qafzeh XIX,427,5,45.64,20.15,23.84,8,8.87,17.99,1.93,chert,Chert,1,0,0,0,32.69957266,35.28457137,90,95,100,1,0.651685393,89,1.91442953,2.98,34.7207,865.2203,Unidirectional Convergent,Levant
Qafzeh XIX,621,7,25.95,32.96,30.71,17,5.54,29.96,5.33,chert,Chert,1,0,0,0,32.69957266,35.28457137,90,95,100,1,0.651685393,89,0.845001628,1.81,159.6868,722.57775,Unidirectional Convergent,Levant
Qafzeh XIX,2651,3,20.18,26.23,21.54,11.2,3.55,24.74,3.38,chert,Chert,1,0,0,0,32.69957266,35.28457137,90,95,100,1,0.651685393,89,0.936861653,1.92,83.6212,406.17295,Unidirectional Convergent,Levant
Qafzeh XIX,2653,6,25.8,18.3,22.03,14.3,4.75,13.09,3.77,chert,Chert,1,0,0,0,32.69957266,35.28457137,90,95,100,1,0.651685393,89,1.171130277,1.54,49.3493,494.457,Unidirectional Convergent,Levant
Qafzeh XIX,B11,4,27.3,17.71,23.58,8,6.26,14.32,4.03,chert,Chert,1,0,0,0,32.69957266,35.28457137,90,95,100,1,0.651685393,89,1.157760814,2.95,57.7096,497.33775,Unidirectional Convergent,Levant
Tor Faraj,1,4,59.17,32.96,36.21,1.13,8.29,31.47,10.9,chert,Chert,1,0,0,0,29.93739638,35.32052947,55,60,65,1,0.824175824,182,1.634078984,32.04,343.023,1575.549175,Unidirectional Convergent,Levant
Tor Faraj,1,3,61.7,50.07,43.36,0.95,7.47,45.08,8.28,chert,Chert,1,0,0,0,29.93739638,35.32052947,55,60,65,1,0.824175824,182,1.42297048,45.64,373.2624,2124.6395,Unidirectional Convergent,Levant
Tor Faraj,1,4,53.17,24.26,23.81,8.29,5.64,25.16,5.72,chert,Chert,1,0,0,0,29.93739638,35.32052947,55,60,65,1,0.824175824,182,2.233095338,2.87,143.9152,1065.659725,Unidirectional Convergent,Levant
Tor Faraj,2,4,40.26,35.56,30.28,6.73,6.12,41.07,7.3,chert,Chert,1,0,0,0,29.93739638,35.32052947,55,60,65,1,0.824175824,182,1.329590489,4.5,299.811,1035.18525,Unidirectional Convergent,Levant
Tor Faraj,2,3,68.53,24.6,20.06,0.9,4.85,23.1,4.4,chert,Chert,1,0,0,0,29.93739638,35.32052947,55,60,65,1,0.824175824,182,3.416251246,22.29,101.64,1124.23465,Unidirectional Convergent,Levant
Tor Faraj,2,3,46.18,45.21,32.27,1.82,5.21,48.36,4.33,chert,Chert,1,0,0,0,29.93739638,35.32052947,55,60,65,1,0.824175824,182,1.431050511,17.73,209.3988,1288.07565,Unidirectional Convergent,Levant
Tor Faraj,3,3,66.83,42.41,37.43,1.39,8.76,47.34,7.95,chert,Chert,1,0,0,0,29.93739638,35.32052947,55,60,65,1,0.824175824,182,1.785466204,26.93,376.353,1982.51195,Unidirectional Convergent,Levant
Tor Faraj,3,3,69.27,39.57,31.67,4.68,8.53,30.68,7.21,chert,Chert,1,0,0,0,29.93739638,35.32052947,55,60,65,1,0.824175824,182,2.187243448,6.77,221.2028,1863.189825,Unidirectional Convergent,Levant
Tor Faraj,3,3,53.06,42.11,20.5,4.94,5.88,42.44,6.13,chert,Chert,1,0,0,0,29.93739638,35.32052947,55,60,65,1,0.824175824,182,2.588292683,4.15,260.1572,1167.98325,Unidirectional Convergent,Levant
Tor Faraj,3,5,62.09,36.74,30.68,4.27,4.83,39.63,4.28,chert,Chert,1,0,0,0,29.93739638,35.32052947,55,60,65,1,0.824175824,182,2.023794003,7.19,169.6164,1589.038325,Unidirectional Convergent,Levant
Tor Faraj,4,4,63.79,21.99,29.43,1.08,8.94,22.94,5.45,chert,Chert,1,0,0,0,29.93739638,35.32052947,55,60,65,1,0.824175824,182,2.16751614,27.25,125.023,1306.578675,Unidirectional Convergent,Levant
Tor Faraj,4,5,53.69,25.36,18.46,5.04,4.94,27.66,4.99,chert,Chert,1,0,0,0,29.93739638,35.32052947,55,60,65,1,0.824175824,182,2.908450704,3.66,138.0234,903.6027,Unidirectional Convergent,Levant
Tor Faraj,4,3,39.5,28.8,35.77,18.37,5.02,32.2,4.91,chert,Chert,1,0,0,0,29.93739638,35.32052947,55,60,65,1,0.824175824,182,1.104277327,1.95,158.102,1172.26125,Unidirectional Convergent,Levant
Tor Faraj,4,3,61.58,26.64,27.97,0.93,3.73,13.1,4.76,chert,Chert,1,0,0,0,29.93739638,35.32052947,55,60,65,1,0.824175824,182,2.201644619,30.08,62.356,1285.63645,Unidirectional Convergent,Levant
Tor Faraj,4,3,54.42,22.43,26.36,20.81,7.21,23.28,3.9,chert,Chert,1,0,0,0,29.93739638,35.32052947,55,60,65,1,0.824175824,182,2.064491654,1.27,90.792,1305.5358,Unidirectional Convergent,Levant
Tor Faraj,4,3,35.34,35.48,34.35,3.06,4.45,34.84,3.58,chert,Chert,1,0,0,0,29.93739638,35.32052947,55,60,65,1,0.824175824,182,1.028820961,11.23,124.7272,947.4654,Unidirectional Convergent,Levant
Tor Faraj,5,5,57.56,36.68,34.91,30.33,7.68,39.82,7.56,chert,Chert,1,0,0,0,29.93739638,35.32052947,55,60,65,1,0.824175824,182,1.648811229,1.15,301.0392,1968.9837,Unidirectional Convergent,Levant
Tor Faraj,5,3,46.48,36.55,27.31,1.14,6.21,42.42,6.84,chert,Chert,1,0,0,0,29.93739638,35.32052947,55,60,65,1,0.824175824,182,1.701940681,23.96,290.1528,1072.6422,Unidirectional Convergent,Levant
Tor Faraj,5,4,61.74,31.66,31.98,24.78,5.35,33.59,4.79,chert,Chert,1,0,0,0,29.93739638,35.32052947,55,60,65,1,0.824175824,182,1.930581614,1.29,160.8961,1858.374,Unidirectional Convergent,Levant
Tor Faraj,6,6,50.02,36.42,30.14,0.87,8.87,33.45,8.76,chert,Chert,1,0,0,0,29.93739638,35.32052947,55,60,65,1,0.824175824,182,1.659588587,34.64,293.022,1220.11285,Unidirectional Convergent,Levant
Tor Faraj,6,3,46.94,42.09,29.75,1.74,7.11,42.7,7.63,chert,Chert,1,0,0,0,29.93739638,35.32052947,55,60,65,1,0.824175824,182,1.577815126,17.1,325.801,1212.57755,Unidirectional Convergent,Levant
Tor Faraj,6,6,46.04,28.18,38.57,26.27,6.83,23.91,6.64,chert,Chert,1,0,0,0,29.93739638,35.32052947,55,60,65,1,0.824175824,182,1.19367384,1.47,158.7624,1514.6009,Unidirectional Convergent,Levant
Tor Faraj,6,3,52.81,29.19,35.67,15.43,4.23,22.62,3.76,chert,Chert,1,0,0,0,29.93739638,35.32052947,55,60,65,1,0.824175824,182,1.48051584,2.31,85.0512,1530.9619,Unidirectional Convergent,Levant
Tor Faraj,7,4,56.18,17.72,30.54,11.08,5.21,28.2,4.91,chert,Chert,1,0,0,0,29.93739638,35.32052947,55,60,65,1,0.824175824,182,1.839554682,2.76,138.462,1262.3646,Unidirectional Convergent,Levant
Tor Faraj,8,4,73.74,34.64,33.83,3.35,9.13,33.23,10.15,chert,Chert,1,0,0,0,29.93739638,35.32052947,55,60,65,1,0.824175824,182,2.17972214,10.1,337.2845,1947.65775,Unidirectional Convergent,Levant
Tor Faraj,9,3,39.01,23.43,24.84,7.52,4.96,22.71,5.97,chert,Chert,1,0,0,0,29.93739638,35.32052947,55,60,65,1,0.824175824,182,1.570450886,3.3,135.5787,786.344075,Unidirectional Convergent,Levant
Tor Faraj,13,3,52.71,21.85,26.74,5.74,6.52,21.29,4.52,chert,Chert,1,0,0,0,29.93739638,35.32052947,55,60,65,1,0.824175824,182,1.971204188,4.66,96.2308,1068.299925,Unidirectional Convergent,Levant
Tor Faraj,13,6,51.21,14.46,23.72,1.42,5.06,16.18,3.59,chert,Chert,1,0,0,0,29.93739638,35.32052947,55,60,65,1,0.824175824,182,2.158937605,16.7,58.0862,810.6543,Unidirectional Convergent,Levant
Tor Faraj,14,3,32.22,40.37,39.82,18.34,7.58,38.45,8.98,chert,Chert,1,0,0,0,29.93739638,35.32052947,55,60,65,1,0.824175824,182,0.809141135,2.17,345.281,1114.40925,Unidirectional Convergent,Levant
Tor Faraj,14,3,33.32,16.31,21.57,4.22,2.56,17.39,2.09,chert,Chert,1,0,0,0,29.93739638,35.32052947,55,60,65,1,0.824175824,182,1.544738062,5.11,36.3451,530.3711,Unidirectional Convergent,Levant
Tor Faraj,15,6,70.17,53.39,40.14,9.21,11.15,56.17,7.68,chert,Chert,1,0,0,0,29.93739638,35.32052947,55,60,65,1,0.824175824,182,1.74813154,4.36,431.3856,2506.4724,Unidirectional Convergent,Levant
Tor Faraj,15,3,44.6,32.89,20.61,3.49,4.02,24.3,3.61,chert,Chert,1,0,0,0,29.93739638,35.32052947,55,60,65,1,0.824175824,182,2.163998059,5.91,87.723,865.24,Unidirectional Convergent,Levant
Tor Faraj,16,3,35.11,19.93,20.79,1.27,3.74,18.38,4.19,chert,Chert,1,0,0,0,29.93739638,35.32052947,55,60,65,1,0.824175824,182,1.688792689,16.37,77.0122,551.05145,Unidirectional Convergent,Levant
Tor Faraj,16,4,55.4,17.46,31.68,13.07,5.04,24.45,3.88,chert,Chert,1,0,0,0,29.93739638,35.32052947,55,60,65,1,0.824175824,182,1.748737374,2.42,94.866,1300.3765,Unidirectional Convergent,Levant
Tor Faraj,17,4,46.23,21.31,17.02,1.82,4.72,17.52,3.54,chert,Chert,1,0,0,0,29.93739638,35.32052947,55,60,65,1,0.824175824,182,2.716216216,9.35,62.0208,660.742275,Unidirectional Convergent,Levant
Tor Faraj,18,3,36.18,37.01,28.62,1.36,6.45,40.28,7.21,chert,Chert,1,0,0,0,29.93739638,35.32052947,55,60,65,1,0.824175824,182,1.264150943,21.04,290.4188,864.79245,Unidirectional Convergent,Levant
Tor Faraj,19,3,52.19,45.34,35.88,11.14,8.99,38.22,9.4,chert,Chert,1,0,0,0,29.93739638,35.32052947,55,60,65,1,0.824175824,182,1.454570792,3.22,359.268,1673.2114,Unidirectional Convergent,Levant
Tor Faraj,19,3,63.5,50.07,46.44,3.01,8.05,23.47,5.01,chert,Chert,1,0,0,0,29.93739638,35.32052947,55,60,65,1,0.824175824,182,1.367355728,15.43,117.5847,2317.115,Unidirectional Convergent,Levant
Tor Faraj,24,3,41.71,39.61,24.42,2.82,4.45,44,4.66,chert,Chert,1,0,0,0,29.93739638,35.32052947,55,60,65,1,0.824175824,182,1.708026208,8.66,205.04,951.717925,Unidirectional Convergent,Levant
Tor Faraj,25,3,58.9,28.66,17.6,1.31,6.19,27.2,5.77,chert,Chert,1,0,0,0,29.93739638,35.32052947,55,60,65,1,0.824175824,182,3.346590909,13.44,156.944,959.62825,Unidirectional Convergent,Levant
Tor Faraj,101,4,55.7,33.56,22.48,5.39,4.03,38.86,6.46,chert,Chert,1,0,0,0,29.93739638,35.32052947,55,60,65,1,0.824175824,182,2.477758007,4.17,251.0356,1168.44675,Unidirectional Convergent,Levant
Tor Faraj,102,4,55.7,33.56,22.48,5.39,7.02,38.86,6.46,chert,Chert,1,0,0,0,29.93739638,35.32052947,55,60,65,1,0.824175824,182,2.477758007,4.17,251.0356,1168.44675,Unidirectional Convergent,Levant
Tor Faraj,102,3,39.95,12.32,12.78,2.03,2.21,7.67,2.52,chert,Chert,1,0,0,0,29.93739638,35.32052947,55,60,65,1,0.824175824,182,3.125978091,6.3,19.3284,398.601125,Unidirectional Convergent,Levant
Tor Faraj,204,3,26.48,18.31,16,6.45,3.04,16.04,4.86,chert,Chert,1,0,0,0,29.93739638,35.32052947,55,60,65,1,0.824175824,182,1.655,2.48,77.9544,375.7512,Unidirectional Convergent,Levant
Tor Faraj,251,3,52.25,44.96,29.53,1.24,5.1,54.1,5.86,chert,Chert,1,0,0,0,29.93739638,35.32052947,55,60,65,1,0.824175824,182,1.769387064,23.81,317.026,1374.95875,Unidirectional Convergent,Levant
Tor Faraj,254,3,69.72,53.01,37.65,1.39,7.24,52.28,7.54,chert,Chert,1,0,0,0,29.93739638,35.32052947,55,60,65,1,0.824175824,182,1.851792829,27.09,394.1912,2260.671,Unidirectional Convergent,Levant
Tor Faraj,258,3,51.94,20.92,23.25,4,4.28,31.27,3.93,chert,Chert,1,0,0,0,29.93739638,35.32052947,55,60,65,1,0.824175824,182,2.233978495,5.81,122.8911,927.3887,Unidirectional Convergent,Levant
Tor Faraj,507,3,53.04,21.1,34.99,1.43,10.26,18,4.43,chert,Chert,1,0,0,0,29.93739638,35.32052947,55,60,65,1,0.824175824,182,1.515861675,24.47,79.74,1226.6826,Unidirectional Convergent,Levant
Tor Faraj,535,4,43.75,27.88,22.98,2.73,5.07,14.13,6.17,chert,Chert,1,0,0,0,29.93739638,35.32052947,55,60,65,1,0.824175824,182,1.903829417,8.42,87.1821,837.484375,Unidirectional Convergent,Levant
Tor Faraj,553,4,30.7,30.6,24.19,9.33,5.78,30.83,4.24,chert,Chert,1,0,0,0,29.93739638,35.32052947,55,60,65,1,0.824175824,182,1.269119471,2.59,130.7192,677.77925,Unidirectional Convergent,Levant
Tor Faraj,195-2,3,30.15,21.93,16.04,3.19,2.87,22.57,2.28,chert,Chert,1,0,0,0,29.93739638,35.32052947,55,60,65,1,0.824175824,182,1.87967581,5.03,51.4596,431.145,Unidirectional Convergent,Levant
Tor Faraj,UC 14,3,27.91,15.03,13.68,2.76,2.07,8.43,2.25,chert,Chert,1,0,0,0,29.93739638,35.32052947,55,60,65,1,0.824175824,182,2.040204678,4.96,18.9675,315.034125,Unidirectional Convergent,Levant
Tor Faraj,UC 17,3,45.24,34.82,32.02,2.2,7.04,37.4,7.42,chert,Chert,1,0,0,0,29.93739638,35.32052947,55,60,65,1,0.824175824,182,1.412866958,14.55,277.508,1142.9886,Unidirectional Convergent,Levant
Tor Faraj,UC 18,3,31.57,16.43,16.28,2.57,5.38,14.8,5.11,chert,Chert,1,0,0,0,29.93739638,35.32052947,55,60,65,1,0.824175824,182,1.939189189,6.33,75.628,406.9373,Unidirectional Convergent,Levant
Tor Faraj,UC 19,3,71.15,28.51,31.72,5.6,7.3,22.07,4.62,chert,Chert,1,0,0,0,29.93739638,35.32052947,55,60,65,1,0.824175824,182,2.243064313,5.66,101.9634,1735.170625,Unidirectional Convergent,Levant
Tor Faraj,UC 22,3,57.24,41.12,27.45,3.95,5.32,13.13,2.85,chert,Chert,1,0,0,0,29.93739638,35.32052947,55,60,65,1,0.824175824,182,2.085245902,6.95,37.4205,1430.5707,Unidirectional Convergent,Levant
Tor Faraj,UC1,5,55.64,44.26,30.02,1.98,6.57,58.15,8.08,chert,Chert,1,0,0,0,29.93739638,35.32052947,55,60,65,1,0.824175824,182,1.853431046,15.16,469.852,1478.3548,Unidirectional Convergent,Levant
Tor Faraj,UC10,3,59.85,24.91,22.85,1.37,6.71,21.22,4.08,chert,Chert,1,0,0,0,29.93739638,35.32052947,55,60,65,1,0.824175824,182,2.619256018,16.68,86.5776,1077.00075,Unidirectional Convergent,Levant
Tor Faraj,UC11,4,63.38,50.74,34.97,13.05,6.23,58.51,4.95,chert,Chert,1,0,0,0,29.93739638,35.32052947,55,60,65,1,0.824175824,182,1.812410638,2.68,289.6245,2118.95185,Unidirectional Convergent,Levant
Tor Faraj,UC15,3,68.91,34.76,28.95,1.25,7.89,42.54,6.16,chert,Chert,1,0,0,0,29.93739638,35.32052947,55,60,65,1,0.824175824,182,2.380310881,23.16,262.0464,1617.834525,Unidirectional Convergent,Levant
Tor Faraj,UC21,3,55.29,40.98,28.98,1.7,5.04,38.01,4.85,chert,Chert,1,0,0,0,29.93739638,35.32052947,55,60,65,1,0.824175824,182,1.907867495,17.05,184.3485,1391.0964,Unidirectional Convergent,Levant
Tor Faraj,UC5,3,50.58,26.26,23.49,2.35,4.19,33.86,4.77,chert,Chert,1,0,0,0,29.93739638,35.32052947,55,60,65,1,0.824175824,182,2.153256705,10,161.5122,955.83555,Unidirectional Convergent,Levant
Tor Faraj,UC6,3,58.51,36.53,28.05,2.37,6.35,27.28,5.91,chert,Chert,1,0,0,0,29.93739638,35.32052947,55,60,65,1,0.824175824,182,2.085918004,11.84,161.2248,1389.6125,Unidirectional Convergent,Levant
Tor Faraj,UC7,3,75.01,54.22,35.18,1.26,7.17,58.84,6.81,chert,Chert,1,0,0,0,29.93739638,35.32052947,55,60,65,1,0.824175824,182,2.132177374,27.92,400.7004,2359.8146,Unidirectional Convergent,Levant
Tor Faraj,UC8,3,55.97,38.72,20.37,2,4.82,49.92,3.86,chert,Chert,1,0,0,0,29.93739638,35.32052947,55,60,65,1,0.824175824,182,2.747668139,10.19,192.6912,1139.82905,Unidirectional Convergent,Levant
Tor Faraj,UC9,4,66.27,28.23,27.24,2.14,5.75,28.18,6.23,chert,Chert,1,0,0,0,29.93739638,35.32052947,55,60,65,1,0.824175824,182,2.432819383,12.73,175.5614,1405.752375,Unidirectional Convergent,Levant
Wusta,256,3,37.35,38.27,43.52,4.91,12.98,41.22,17.14,ferruginous quartzite,Quartzite,0,0,0,1,27.418,39.397,85,90,95,0,0.221052632,95,0.858226103,8.86,706.5108,1215.92925,Unidirectional Convergent,Arabia
Wusta,259,3,20.71,22.05,16.36,3.04,5.3,21.91,5.78,chert,Chert,1,0,0,0,27.418,39.397,85,90,95,0,0.221052632,95,1.265892421,5.38,126.6398,299.311275,Unidirectional Convergent,Arabia
